submission_key,created_utc,author,author_fullname,author_premium,author_patreon_flair,can_gild,can_mod_post,clicked,comment_limit,created,downs,edited,fullname,gilded,hidden,hide_score,id,is_crosspostable,is_meta,is_original_content,is_reddit_media_domain,is_robot_indexable,is_self,is_video,locked,media_only,name,no_follow,over_18,permalink,pinned,quarantine,saved,selftext,shortlink,subreddit,subreddit_id,subreddit_name_prefixed,subreddit_subscribers,subreddit_type,thumbnail,title,url
t5_2cneq_catapult12_t3_kxo0l5,2021-01-15T05:34:19Z,catapult12,t2_62f6lwcd,FALSE,FALSE,TRUE,FALSE,FALSE,2048,1610717659,0,FALSE,t3_kxo0l5,0,FALSE,TRUE,kxo0l5,TRUE,FALSE,FALSE,FALSE,TRUE,FALSE,FALSE,FALSE,FALSE,t3_kxo0l5,FALSE,FALSE,/r/politics/comments/kxo0l5/from_1982_to_present_the_conservative_heritage/,FALSE,FALSE,FALSE,,https://redd.it/kxo0l5,politics,t5_2cneq,r/politics,7159120,public,https://b.thumbs.redditmedia.com/Lj10-2Vgvo7BOKBVbwGJvFMRy-3m78kDwrJPD6UNT8g.jpg,"From 1982 to present, the conservative Heritage Foundation reports 1,308 cases of proven voter fraud for the entire US, a cumulative total that doesn’t even come close to the 11k votes Trump wanted to “find” in GA alone. The Brookings Institute used this information to prove how rare fraud is.",https://www.brookings.edu/blog/fixgov/2020/06/02/low-rates-of-fraud-in-vote-by-mail-states-show-the-benefits-outweigh-the-risks/
t5_2cneq_trashgrabbinbandit_t3_kxo014,2021-01-15T05:33:14Z,trashgrabbinbandit,t2_9jy0b,FALSE,FALSE,TRUE,FALSE,FALSE,2048,1610717594,0,FALSE,t3_kxo014,0,FALSE,TRUE,kxo014,TRUE,FALSE,FALSE,FALSE,TRUE,FALSE,FALSE,FALSE,FALSE,t3_kxo014,FALSE,FALSE,/r/politics/comments/kxo014/feds_edge_closer_to_sedition_charge_in_capitol/,FALSE,FALSE,FALSE,,https://redd.it/kxo014,politics,t5_2cneq,r/politics,7159120,public,https://b.thumbs.redditmedia.com/icPibg3ssw9O0VxkLdHLwCpb7POT7uMAqhd8bTwBLSc.jpg,Feds edge closer to sedition charge in Capitol riot aftermath,https://www.politico.com/news/2021/01/15/feds-edge-closer-to-sedition-charge-459573
t5_2cneq_FriesWithThat_t3_kxnz3m,2021-01-15T05:31:28Z,FriesWithThat,t2_3s0vy,TRUE,FALSE,TRUE,FALSE,FALSE,2048,1610717488,0,FALSE,t3_kxnz3m,0,FALSE,TRUE,kxnz3m,TRUE,FALSE,FALSE,FALSE,TRUE,FALSE,FALSE,FALSE,FALSE,t3_kxnz3m,FALSE,FALSE,/r/politics/comments/kxnz3m/trump_gets_a_painful_reminder_of_his_loss_to/,FALSE,FALSE,FALSE,,https://redd.it/kxnz3m,politics,t5_2cneq,r/politics,7159120,public,https://b.thumbs.redditmedia.com/-ZcLrTYOCMizFKrbEsINMQBBPJj69Q4myDfYkNhqiEY.jpg,Trump Gets A Painful Reminder Of His Loss To Biden Right Outside His Window,https://www.huffpost.com/entry/biden-harris-white-house-inauguration-signs-trump_n_600101ddc5b6efae62f72ae7
t5_2cneq_alicen_chains_t3_kxnxcp,2021-01-15T05:28:13Z,alicen_chains,t2_4uujtoat,TRUE,FALSE,TRUE,FALSE,FALSE,2048,1610717293,0,FALSE,t3_kxnxcp,0,FALSE,TRUE,kxnxcp,TRUE,FALSE,FALSE,FALSE,TRUE,FALSE,FALSE,FALSE,FALSE,t3_kxnxcp,FALSE,FALSE,/r/politics/comments/kxnxcp/trump_gets_a_painful_reminder_of_his_loss_to/,FALSE,FALSE,FALSE,,https://redd.it/kxnxcp,politics,t5_2cneq,r/politics,7159120,public,https://b.thumbs.redditmedia.com/nWRWRUgfg_H_AeIFABi0xvMF_N_uDyYELF23GnOjN3I.jpg,Trump Gets A Painful Reminder Of His Loss To Biden Right Outside His Window | Call it a sign of things to come.,https://m.huffpost.com/us/entry/us_600101ddc5b6efae62f72ae7
t5_2cneq_moviesetmonkey_t3_kxnx3l,2021-01-15T05:27:43Z,moviesetmonkey,t2_zdqni,FALSE,FALSE,TRUE,FALSE,FALSE,2048,1610717263,0,FALSE,t3_kxnx3l,0,FALSE,TRUE,kxnx3l,TRUE,FALSE,FALSE,FALSE,TRUE,FALSE,FALSE,FALSE,FALSE,t3_kxnx3l,FALSE,FALSE,/r/politics/comments/kxnx3l/alpharetta_man_arrested_in_capitol_riots_found/,FALSE,FALSE,FALSE,,https://redd.it/kxnx3l,politics,t5_2cneq,r/politics,7159120,public,https://b.thumbs.redditmedia.com/sOpLMV2xLVLrWXvTz3gBNNdIgr61sH62qtzxqyoB7gg.jpg,Alpharetta man arrested in Capitol riots found dead in home,https://www.fox5atlanta.com/news/alpharetta-man-arrested-in-capitol-riots-found-dead-in-home
t5_2cneq_lightinggod_t3_kxnw7a,2021-01-15T05:26:06Z,lightinggod,t2_4a72j,FALSE,FALSE,TRUE,FALSE,FALSE,2048,1610717166,0,FALSE,t3_kxnw7a,0,FALSE,TRUE,kxnw7a,TRUE,FALSE,FALSE,FALSE,TRUE,FALSE,FALSE,FALSE,FALSE,t3_kxnw7a,FALSE,FALSE,/r/politics/comments/kxnw7a/trumps_postpresidential_impeachment_punishment/,FALSE,FALSE,FALSE,,https://redd.it/kxnw7a,politics,t5_2cneq,r/politics,7159120,public,https://b.thumbs.redditmedia.com/DVM8ZdJ2JUm22oph_F_8MMQsp79EqKOycV9w5sIX5pQ.jpg,Trump's post-presidential impeachment punishment may end up before the Supreme Court.,https://www.usatoday.com/story/opinion/2021/01/14/trump-impeachment-trial-constitutional-mess-column/4157285001/
t5_2cneq_SplashyTetraspore_t3_kxnt8a,2021-01-15T05:20:30Z,SplashyTetraspore,t2_mlm76q5,TRUE,FALSE,TRUE,FALSE,FALSE,2048,1610716830,0,FALSE,t3_kxnt8a,0,FALSE,TRUE,kxnt8a,TRUE,FALSE,FALSE,FALSE,TRUE,FALSE,FALSE,FALSE,FALSE,t3_kxnt8a,FALSE,FALSE,/r/politics/comments/kxnt8a/ive_had_it_with_interviewing_trump_supporters_who/,FALSE,FALSE,FALSE,,https://redd.it/kxnt8a,politics,t5_2cneq,r/politics,7159120,public,https://b.thumbs.redditmedia.com/qs9iu_9XXpEUq-HAf0Dzm7uO1RnTvDa2J22-pO2NBWg.jpg,I've had it with interviewing Trump supporters who go off the deep end,https://www.cnn.com/2021/01/14/opinions/trump-supporters-capitol-mob-camerota/index.html
t5_2cneq_Cammedy_t3_kxnsl5,2021-01-15T05:19:12Z,Cammedy,t2_738s09md,FALSE,FALSE,TRUE,FALSE,FALSE,2048,1610716752,0,FALSE,t3_kxnsl5,0,FALSE,TRUE,kxnsl5,TRUE,FALSE,FALSE,FALSE,TRUE,FALSE,FALSE,FALSE,FALSE,t3_kxnsl5,TRUE,FALSE,/r/politics/comments/kxnsl5/rehearsal_for_bidens_inauguration_postponed_due/,FALSE,FALSE,FALSE,,https://redd.it/kxnsl5,politics,t5_2cneq,r/politics,7159120,public,https://a.thumbs.redditmedia.com/NtLHJIQ5NrPLWUTO_iJPxntZm1W1cLk6gF3DpVx2m-8.jpg,Rehearsal for Biden's inauguration postponed due to security concerns — where is Obama ?,https://www.jpost.com/breaking-news/rehearsal-for-bidens-inauguration-postponed-due-to-security-concerns-655540
t5_2cneq_Shava64_t3_kxnrtr,2021-01-15T05:17:40Z,Shava64,t2_3yemtoe6,TRUE,FALSE,TRUE,FALSE,FALSE,2048,1610716660,0,FALSE,t3_kxnrtr,0,FALSE,TRUE,kxnrtr,TRUE,FALSE,FALSE,FALSE,TRUE,FALSE,FALSE,FALSE,FALSE,t3_kxnrtr,FALSE,FALSE,/r/politics/comments/kxnrtr/judge_frees_north_texan_who_faces_charges_in_the/,FALSE,FALSE,FALSE,,https://redd.it/kxnrtr,politics,t5_2cneq,r/politics,7159120,public,https://b.thumbs.redditmedia.com/eB69IdxVhvwHwVlC-85IrNwIQT6gM96-40bZ-qeOioE.jpg,"Judge frees North Texan who faces charges in the Capitol riot, despite warnings from the FBI",https://www.dallasnews.com/news/courts/2021/01/14/judge-frees-larry-brock-facing-charges-in-capitol-riot-despite-warnings-from-fbi/
t5_2cneq_jaiga99_t3_kxnqu5,2021-01-15T05:15:53Z,jaiga99,t2_12ppwrzt,FALSE,FALSE,TRUE,FALSE,FALSE,2048,1610716553,0,FALSE,t3_kxnqu5,0,FALSE,TRUE,kxnqu5,TRUE,FALSE,FALSE,FALSE,TRUE,FALSE,FALSE,FALSE,FALSE,t3_kxnqu5,FALSE,FALSE,/r/politics/comments/kxnqu5/donald_trump_jr_sought_for_questioning_by/,FALSE,FALSE,FALSE,,https://redd.it/kxnqu5,politics,t5_2cneq,r/politics,7159120,public,https://b.thumbs.redditmedia.com/5AU_fc6TIpZFdKAMzBltFa6NjLc3kECx8E3cIYVgyJY.jpg,Donald Trump Jr. Sought for Questioning by Prosecutors in D.C.,https://www.bloomberg.com/news/articles/2021-01-15/donald-trump-jr-sought-for-questioning-by-prosecutors-in-d-c
t5_2cneq_catapult12_t3_kxo0l5,2021-01-15T05:34:19Z,catapult12,t2_62f6lwcd,FALSE,FALSE,TRUE,FALSE,FALSE,2048,1610717659,0,FALSE,t3_kxo0l5,0,FALSE,TRUE,kxo0l5,TRUE,FALSE,FALSE,FALSE,TRUE,FALSE,FALSE,FALSE,FALSE,t3_kxo0l5,FALSE,FALSE,/r/politics/comments/kxo0l5/from_1982_to_present_the_conservative_heritage/,FALSE,FALSE,FALSE,,https://redd.it/kxo0l5,politics,t5_2cneq,r/politics,7159120,public,https://b.thumbs.redditmedia.com/Lj10-2Vgvo7BOKBVbwGJvFMRy-3m78kDwrJPD6UNT8g.jpg,"From 1982 to present, the conservative Heritage Foundation reports 1,308 cases of proven voter fraud for the entire US, a cumulative total that doesn’t even come close to the 11k votes Trump wanted to “find” in GA alone. The Brookings Institute used this information to prove how rare fraud is.",https://www.brookings.edu/blog/fixgov/2020/06/02/low-rates-of-fraud-in-vote-by-mail-states-show-the-benefits-outweigh-the-risks/
t5_2cneq_trashgrabbinbandit_t3_kxo014,2021-01-15T05:33:14Z,trashgrabbinbandit,t2_9jy0b,FALSE,FALSE,TRUE,FALSE,FALSE,2048,1610717594,0,FALSE,t3_kxo014,0,FALSE,TRUE,kxo014,TRUE,FALSE,FALSE,FALSE,TRUE,FALSE,FALSE,FALSE,FALSE,t3_kxo014,FALSE,FALSE,/r/politics/comments/kxo014/feds_edge_closer_to_sedition_charge_in_capitol/,FALSE,FALSE,FALSE,,https://redd.it/kxo014,politics,t5_2cneq,r/politics,7159120,public,https://b.thumbs.redditmedia.com/icPibg3ssw9O0VxkLdHLwCpb7POT7uMAqhd8bTwBLSc.jpg,Feds edge closer to sedition charge in Capitol riot aftermath,https://www.politico.com/news/2021/01/15/feds-edge-closer-to-sedition-charge-459573
t5_2cneq_FriesWithThat_t3_kxnz3m,2021-01-15T05:31:28Z,FriesWithThat,t2_3s0vy,TRUE,FALSE,TRUE,FALSE,FALSE,2048,1610717488,0,FALSE,t3_kxnz3m,0,FALSE,TRUE,kxnz3m,TRUE,FALSE,FALSE,FALSE,TRUE,FALSE,FALSE,FALSE,FALSE,t3_kxnz3m,FALSE,FALSE,/r/politics/comments/kxnz3m/trump_gets_a_painful_reminder_of_his_loss_to/,FALSE,FALSE,FALSE,,https://redd.it/kxnz3m,politics,t5_2cneq,r/politics,7159120,public,https://b.thumbs.redditmedia.com/-ZcLrTYOCMizFKrbEsINMQBBPJj69Q4myDfYkNhqiEY.jpg,Trump Gets A Painful Reminder Of His Loss To Biden Right Outside His Window,https://www.huffpost.com/entry/biden-harris-white-house-inauguration-signs-trump_n_600101ddc5b6efae62f72ae7
t5_2cneq_alicen_chains_t3_kxnxcp,2021-01-15T05:28:13Z,alicen_chains,t2_4uujtoat,TRUE,FALSE,TRUE,FALSE,FALSE,2048,1610717293,0,FALSE,t3_kxnxcp,0,FALSE,TRUE,kxnxcp,TRUE,FALSE,FALSE,FALSE,TRUE,FALSE,FALSE,FALSE,FALSE,t3_kxnxcp,FALSE,FALSE,/r/politics/comments/kxnxcp/trump_gets_a_painful_reminder_of_his_loss_to/,FALSE,FALSE,FALSE,,https://redd.it/kxnxcp,politics,t5_2cneq,r/politics,7159120,public,https://b.thumbs.redditmedia.com/nWRWRUgfg_H_AeIFABi0xvMF_N_uDyYELF23GnOjN3I.jpg,Trump Gets A Painful Reminder Of His Loss To Biden Right Outside His Window | Call it a sign of things to come.,https://m.huffpost.com/us/entry/us_600101ddc5b6efae62f72ae7
t5_2cneq_moviesetmonkey_t3_kxnx3l,2021-01-15T05:27:43Z,moviesetmonkey,t2_zdqni,FALSE,FALSE,TRUE,FALSE,FALSE,2048,1610717263,0,FALSE,t3_kxnx3l,0,FALSE,TRUE,kxnx3l,TRUE,FALSE,FALSE,FALSE,TRUE,FALSE,FALSE,FALSE,FALSE,t3_kxnx3l,FALSE,FALSE,/r/politics/comments/kxnx3l/alpharetta_man_arrested_in_capitol_riots_found/,FALSE,FALSE,FALSE,,https://redd.it/kxnx3l,politics,t5_2cneq,r/politics,7159120,public,https://b.thumbs.redditmedia.com/sOpLMV2xLVLrWXvTz3gBNNdIgr61sH62qtzxqyoB7gg.jpg,Alpharetta man arrested in Capitol riots found dead in home,https://www.fox5atlanta.com/news/alpharetta-man-arrested-in-capitol-riots-found-dead-in-home
t5_2cneq_lightinggod_t3_kxnw7a,2021-01-15T05:26:06Z,lightinggod,t2_4a72j,FALSE,FALSE,TRUE,FALSE,FALSE,2048,1610717166,0,FALSE,t3_kxnw7a,0,FALSE,TRUE,kxnw7a,TRUE,FALSE,FALSE,FALSE,TRUE,FALSE,FALSE,FALSE,FALSE,t3_kxnw7a,FALSE,FALSE,/r/politics/comments/kxnw7a/trumps_postpresidential_impeachment_punishment/,FALSE,FALSE,FALSE,,https://redd.it/kxnw7a,politics,t5_2cneq,r/politics,7159120,public,https://b.thumbs.redditmedia.com/DVM8ZdJ2JUm22oph_F_8MMQsp79EqKOycV9w5sIX5pQ.jpg,Trump's post-presidential impeachment punishment may end up before the Supreme Court.,https://www.usatoday.com/story/opinion/2021/01/14/trump-impeachment-trial-constitutional-mess-column/4157285001/
t5_2cneq_SplashyTetraspore_t3_kxnt8a,2021-01-15T05:20:30Z,SplashyTetraspore,t2_mlm76q5,TRUE,FALSE,TRUE,FALSE,FALSE,2048,1610716830,0,FALSE,t3_kxnt8a,0,FALSE,TRUE,kxnt8a,TRUE,FALSE,FALSE,FALSE,TRUE,FALSE,FALSE,FALSE,FALSE,t3_kxnt8a,FALSE,FALSE,/r/politics/comments/kxnt8a/ive_had_it_with_interviewing_trump_supporters_who/,FALSE,FALSE,FALSE,,https://redd.it/kxnt8a,politics,t5_2cneq,r/politics,7159120,public,https://b.thumbs.redditmedia.com/qs9iu_9XXpEUq-HAf0Dzm7uO1RnTvDa2J22-pO2NBWg.jpg,I've had it with interviewing Trump supporters who go off the deep end,https://www.cnn.com/2021/01/14/opinions/trump-supporters-capitol-mob-camerota/index.html
t5_2cneq_Cammedy_t3_kxnsl5,2021-01-15T05:19:12Z,Cammedy,t2_738s09md,FALSE,FALSE,TRUE,FALSE,FALSE,2048,1610716752,0,FALSE,t3_kxnsl5,0,FALSE,TRUE,kxnsl5,TRUE,FALSE,FALSE,FALSE,TRUE,FALSE,FALSE,FALSE,FALSE,t3_kxnsl5,TRUE,FALSE,/r/politics/comments/kxnsl5/rehearsal_for_bidens_inauguration_postponed_due/,FALSE,FALSE,FALSE,,https://redd.it/kxnsl5,politics,t5_2cneq,r/politics,7159120,public,https://a.thumbs.redditmedia.com/NtLHJIQ5NrPLWUTO_iJPxntZm1W1cLk6gF3DpVx2m-8.jpg,Rehearsal for Biden's inauguration postponed due to security concerns — where is Obama ?,https://www.jpost.com/breaking-news/rehearsal-for-bidens-inauguration-postponed-due-to-security-concerns-655540
t5_2cneq_Shava64_t3_kxnrtr,2021-01-15T05:17:40Z,Shava64,t2_3yemtoe6,TRUE,FALSE,TRUE,FALSE,FALSE,2048,1610716660,0,FALSE,t3_kxnrtr,0,FALSE,TRUE,kxnrtr,TRUE,FALSE,FALSE,FALSE,TRUE,FALSE,FALSE,FALSE,FALSE,t3_kxnrtr,FALSE,FALSE,/r/politics/comments/kxnrtr/judge_frees_north_texan_who_faces_charges_in_the/,FALSE,FALSE,FALSE,,https://redd.it/kxnrtr,politics,t5_2cneq,r/politics,7159120,public,https://b.thumbs.redditmedia.com/eB69IdxVhvwHwVlC-85IrNwIQT6gM96-40bZ-qeOioE.jpg,"Judge frees North Texan who faces charges in the Capitol riot, despite warnings from the FBI",https://www.dallasnews.com/news/courts/2021/01/14/judge-frees-larry-brock-facing-charges-in-capitol-riot-despite-warnings-from-fbi/
t5_2cneq_jaiga99_t3_kxnqu5,2021-01-15T05:15:53Z,jaiga99,t2_12ppwrzt,FALSE,FALSE,TRUE,FALSE,FALSE,2048,1610716553,0,FALSE,t3_kxnqu5,0,FALSE,TRUE,kxnqu5,TRUE,FALSE,FALSE,FALSE,TRUE,FALSE,FALSE,FALSE,FALSE,t3_kxnqu5,FALSE,FALSE,/r/politics/comments/kxnqu5/donald_trump_jr_sought_for_questioning_by/,FALSE,FALSE,FALSE,,https://redd.it/kxnqu5,politics,t5_2cneq,r/politics,7159120,public,https://b.thumbs.redditmedia.com/5AU_fc6TIpZFdKAMzBltFa6NjLc3kECx8E3cIYVgyJY.jpg,Donald Trump Jr. Sought for Questioning by Prosecutors in D.C.,https://www.bloomberg.com/news/articles/2021-01-15/donald-trump-jr-sought-for-questioning-by-prosecutors-in-d-c
t5_2cneq_catapult12_t3_kxo0l5,2021-01-15T05:34:19Z,catapult12,t2_62f6lwcd,FALSE,FALSE,TRUE,FALSE,FALSE,2048,1610717659,0,FALSE,t3_kxo0l5,0,FALSE,TRUE,kxo0l5,TRUE,FALSE,FALSE,FALSE,TRUE,FALSE,FALSE,FALSE,FALSE,t3_kxo0l5,FALSE,FALSE,/r/politics/comments/kxo0l5/from_1982_to_present_the_conservative_heritage/,FALSE,FALSE,FALSE,,https://redd.it/kxo0l5,politics,t5_2cneq,r/politics,7159121,public,https://b.thumbs.redditmedia.com/Lj10-2Vgvo7BOKBVbwGJvFMRy-3m78kDwrJPD6UNT8g.jpg,"From 1982 to present, the conservative Heritage Foundation reports 1,308 cases of proven voter fraud for the entire US, a cumulative total that doesn’t even come close to the 11k votes Trump wanted to “find” in GA alone. The Brookings Institute used this information to prove how rare fraud is.",https://www.brookings.edu/blog/fixgov/2020/06/02/low-rates-of-fraud-in-vote-by-mail-states-show-the-benefits-outweigh-the-risks/
t5_2cneq_trashgrabbinbandit_t3_kxo014,2021-01-15T05:33:14Z,trashgrabbinbandit,t2_9jy0b,FALSE,FALSE,TRUE,FALSE,FALSE,2048,1610717594,0,FALSE,t3_kxo014,0,FALSE,TRUE,kxo014,TRUE,FALSE,FALSE,FALSE,TRUE,FALSE,FALSE,FALSE,FALSE,t3_kxo014,FALSE,FALSE,/r/politics/comments/kxo014/feds_edge_closer_to_sedition_charge_in_capitol/,FALSE,FALSE,FALSE,,https://redd.it/kxo014,politics,t5_2cneq,r/politics,7159121,public,https://b.thumbs.redditmedia.com/icPibg3ssw9O0VxkLdHLwCpb7POT7uMAqhd8bTwBLSc.jpg,Feds edge closer to sedition charge in Capitol riot aftermath,https://www.politico.com/news/2021/01/15/feds-edge-closer-to-sedition-charge-459573
t5_2cneq_FriesWithThat_t3_kxnz3m,2021-01-15T05:31:28Z,FriesWithThat,t2_3s0vy,TRUE,FALSE,TRUE,FALSE,FALSE,2048,1610717488,0,FALSE,t3_kxnz3m,0,FALSE,TRUE,kxnz3m,TRUE,FALSE,FALSE,FALSE,TRUE,FALSE,FALSE,FALSE,FALSE,t3_kxnz3m,FALSE,FALSE,/r/politics/comments/kxnz3m/trump_gets_a_painful_reminder_of_his_loss_to/,FALSE,FALSE,FALSE,,https://redd.it/kxnz3m,politics,t5_2cneq,r/politics,7159121,public,https://b.thumbs.redditmedia.com/-ZcLrTYOCMizFKrbEsINMQBBPJj69Q4myDfYkNhqiEY.jpg,Trump Gets A Painful Reminder Of His Loss To Biden Right Outside His Window,https://www.huffpost.com/entry/biden-harris-white-house-inauguration-signs-trump_n_600101ddc5b6efae62f72ae7
t5_2cneq_alicen_chains_t3_kxnxcp,2021-01-15T05:28:13Z,alicen_chains,t2_4uujtoat,TRUE,FALSE,TRUE,FALSE,FALSE,2048,1610717293,0,FALSE,t3_kxnxcp,0,FALSE,TRUE,kxnxcp,TRUE,FALSE,FALSE,FALSE,TRUE,FALSE,FALSE,FALSE,FALSE,t3_kxnxcp,FALSE,FALSE,/r/politics/comments/kxnxcp/trump_gets_a_painful_reminder_of_his_loss_to/,FALSE,FALSE,FALSE,,https://redd.it/kxnxcp,politics,t5_2cneq,r/politics,7159121,public,https://b.thumbs.redditmedia.com/nWRWRUgfg_H_AeIFABi0xvMF_N_uDyYELF23GnOjN3I.jpg,Trump Gets A Painful Reminder Of His Loss To Biden Right Outside His Window | Call it a sign of things to come.,https://m.huffpost.com/us/entry/us_600101ddc5b6efae62f72ae7
t5_2cneq_moviesetmonkey_t3_kxnx3l,2021-01-15T05:27:43Z,moviesetmonkey,t2_zdqni,FALSE,FALSE,TRUE,FALSE,FALSE,2048,1610717263,0,FALSE,t3_kxnx3l,0,FALSE,TRUE,kxnx3l,TRUE,FALSE,FALSE,FALSE,TRUE,FALSE,FALSE,FALSE,FALSE,t3_kxnx3l,FALSE,FALSE,/r/politics/comments/kxnx3l/alpharetta_man_arrested_in_capitol_riots_found/,FALSE,FALSE,FALSE,,https://redd.it/kxnx3l,politics,t5_2cneq,r/politics,7159121,public,https://b.thumbs.redditmedia.com/sOpLMV2xLVLrWXvTz3gBNNdIgr61sH62qtzxqyoB7gg.jpg,Alpharetta man arrested in Capitol riots found dead in home,https://www.fox5atlanta.com/news/alpharetta-man-arrested-in-capitol-riots-found-dead-in-home
t5_2cneq_lightinggod_t3_kxnw7a,2021-01-15T05:26:06Z,lightinggod,t2_4a72j,FALSE,FALSE,TRUE,FALSE,FALSE,2048,1610717166,0,FALSE,t3_kxnw7a,0,FALSE,TRUE,kxnw7a,TRUE,FALSE,FALSE,FALSE,TRUE,FALSE,FALSE,FALSE,FALSE,t3_kxnw7a,FALSE,FALSE,/r/politics/comments/kxnw7a/trumps_postpresidential_impeachment_punishment/,FALSE,FALSE,FALSE,,https://redd.it/kxnw7a,politics,t5_2cneq,r/politics,7159121,public,https://b.thumbs.redditmedia.com/DVM8ZdJ2JUm22oph_F_8MMQsp79EqKOycV9w5sIX5pQ.jpg,Trump's post-presidential impeachment punishment may end up before the Supreme Court.,https://www.usatoday.com/story/opinion/2021/01/14/trump-impeachment-trial-constitutional-mess-column/4157285001/
t5_2cneq_SplashyTetraspore_t3_kxnt8a,2021-01-15T05:20:30Z,SplashyTetraspore,t2_mlm76q5,TRUE,FALSE,TRUE,FALSE,FALSE,2048,1610716830,0,FALSE,t3_kxnt8a,0,FALSE,TRUE,kxnt8a,TRUE,FALSE,FALSE,FALSE,TRUE,FALSE,FALSE,FALSE,FALSE,t3_kxnt8a,FALSE,FALSE,/r/politics/comments/kxnt8a/ive_had_it_with_interviewing_trump_supporters_who/,FALSE,FALSE,FALSE,,https://redd.it/kxnt8a,politics,t5_2cneq,r/politics,7159121,public,https://b.thumbs.redditmedia.com/qs9iu_9XXpEUq-HAf0Dzm7uO1RnTvDa2J22-pO2NBWg.jpg,I've had it with interviewing Trump supporters who go off the deep end,https://www.cnn.com/2021/01/14/opinions/trump-supporters-capitol-mob-camerota/index.html
t5_2cneq_Cammedy_t3_kxnsl5,2021-01-15T05:19:12Z,Cammedy,t2_738s09md,FALSE,FALSE,TRUE,FALSE,FALSE,2048,1610716752,0,FALSE,t3_kxnsl5,0,FALSE,TRUE,kxnsl5,TRUE,FALSE,FALSE,FALSE,TRUE,FALSE,FALSE,FALSE,FALSE,t3_kxnsl5,TRUE,FALSE,/r/politics/comments/kxnsl5/rehearsal_for_bidens_inauguration_postponed_due/,FALSE,FALSE,FALSE,,https://redd.it/kxnsl5,politics,t5_2cneq,r/politics,7159121,public,https://a.thumbs.redditmedia.com/NtLHJIQ5NrPLWUTO_iJPxntZm1W1cLk6gF3DpVx2m-8.jpg,Rehearsal for Biden's inauguration postponed due to security concerns — where is Obama ?,https://www.jpost.com/breaking-news/rehearsal-for-bidens-inauguration-postponed-due-to-security-concerns-655540
t5_2cneq_Shava64_t3_kxnrtr,2021-01-15T05:17:40Z,Shava64,t2_3yemtoe6,TRUE,FALSE,TRUE,FALSE,FALSE,2048,1610716660,0,FALSE,t3_kxnrtr,0,FALSE,TRUE,kxnrtr,TRUE,FALSE,FALSE,FALSE,TRUE,FALSE,FALSE,FALSE,FALSE,t3_kxnrtr,FALSE,FALSE,/r/politics/comments/kxnrtr/judge_frees_north_texan_who_faces_charges_in_the/,FALSE,FALSE,FALSE,,https://redd.it/kxnrtr,politics,t5_2cneq,r/politics,7159121,public,https://b.thumbs.redditmedia.com/eB69IdxVhvwHwVlC-85IrNwIQT6gM96-40bZ-qeOioE.jpg,"Judge frees North Texan who faces charges in the Capitol riot, despite warnings from the FBI",https://www.dallasnews.com/news/courts/2021/01/14/judge-frees-larry-brock-facing-charges-in-capitol-riot-despite-warnings-from-fbi/
t5_2cneq_jaiga99_t3_kxnqu5,2021-01-15T05:15:53Z,jaiga99,t2_12ppwrzt,FALSE,FALSE,TRUE,FALSE,FALSE,2048,1610716553,0,FALSE,t3_kxnqu5,0,FALSE,TRUE,kxnqu5,TRUE,FALSE,FALSE,FALSE,TRUE,FALSE,FALSE,FALSE,FALSE,t3_kxnqu5,FALSE,FALSE,/r/politics/comments/kxnqu5/donald_trump_jr_sought_for_questioning_by/,FALSE,FALSE,FALSE,,https://redd.it/kxnqu5,politics,t5_2cneq,r/politics,7159121,public,https://b.thumbs.redditmedia.com/5AU_fc6TIpZFdKAMzBltFa6NjLc3kECx8E3cIYVgyJY.jpg,Donald Trump Jr. Sought for Questioning by Prosecutors in D.C.,https://www.bloomberg.com/news/articles/2021-01-15/donald-trump-jr-sought-for-questioning-by-prosecutors-in-d-c
t5_2cneq_catapult12_t3_kxo0l5,2021-01-15T05:34:19Z,catapult12,t2_62f6lwcd,FALSE,FALSE,TRUE,FALSE,FALSE,2048,1610717659,0,FALSE,t3_kxo0l5,0,FALSE,TRUE,kxo0l5,TRUE,FALSE,FALSE,FALSE,TRUE,FALSE,FALSE,FALSE,FALSE,t3_kxo0l5,FALSE,FALSE,/r/politics/comments/kxo0l5/from_1982_to_present_the_conservative_heritage/,FALSE,FALSE,FALSE,,https://redd.it/kxo0l5,politics,t5_2cneq,r/politics,7159120,public,https://b.thumbs.redditmedia.com/Lj10-2Vgvo7BOKBVbwGJvFMRy-3m78kDwrJPD6UNT8g.jpg,"From 1982 to present, the conservative Heritage Foundation reports 1,308 cases of proven voter fraud for the entire US, a cumulative total that doesn’t even come close to the 11k votes Trump wanted to “find” in GA alone. The Brookings Institute used this information to prove how rare fraud is.",https://www.brookings.edu/blog/fixgov/2020/06/02/low-rates-of-fraud-in-vote-by-mail-states-show-the-benefits-outweigh-the-risks/
t5_2cneq_trashgrabbinbandit_t3_kxo014,2021-01-15T05:33:14Z,trashgrabbinbandit,t2_9jy0b,FALSE,FALSE,TRUE,FALSE,FALSE,2048,1610717594,0,FALSE,t3_kxo014,0,FALSE,TRUE,kxo014,TRUE,FALSE,FALSE,FALSE,TRUE,FALSE,FALSE,FALSE,FALSE,t3_kxo014,FALSE,FALSE,/r/politics/comments/kxo014/feds_edge_closer_to_sedition_charge_in_capitol/,FALSE,FALSE,FALSE,,https://redd.it/kxo014,politics,t5_2cneq,r/politics,7159120,public,https://b.thumbs.redditmedia.com/icPibg3ssw9O0VxkLdHLwCpb7POT7uMAqhd8bTwBLSc.jpg,Feds edge closer to sedition charge in Capitol riot aftermath,https://www.politico.com/news/2021/01/15/feds-edge-closer-to-sedition-charge-459573
t5_2cneq_FriesWithThat_t3_kxnz3m,2021-01-15T05:31:28Z,FriesWithThat,t2_3s0vy,TRUE,FALSE,TRUE,FALSE,FALSE,2048,1610717488,0,FALSE,t3_kxnz3m,0,FALSE,TRUE,kxnz3m,TRUE,FALSE,FALSE,FALSE,TRUE,FALSE,FALSE,FALSE,FALSE,t3_kxnz3m,FALSE,FALSE,/r/politics/comments/kxnz3m/trump_gets_a_painful_reminder_of_his_loss_to/,FALSE,FALSE,FALSE,,https://redd.it/kxnz3m,politics,t5_2cneq,r/politics,7159120,public,https://b.thumbs.redditmedia.com/-ZcLrTYOCMizFKrbEsINMQBBPJj69Q4myDfYkNhqiEY.jpg,Trump Gets A Painful Reminder Of His Loss To Biden Right Outside His Window,https://www.huffpost.com/entry/biden-harris-white-house-inauguration-signs-trump_n_600101ddc5b6efae62f72ae7
t5_2cneq_alicen_chains_t3_kxnxcp,2021-01-15T05:28:13Z,alicen_chains,t2_4uujtoat,TRUE,FALSE,TRUE,FALSE,FALSE,2048,1610717293,0,FALSE,t3_kxnxcp,0,FALSE,TRUE,kxnxcp,TRUE,FALSE,FALSE,FALSE,TRUE,FALSE,FALSE,FALSE,FALSE,t3_kxnxcp,FALSE,FALSE,/r/politics/comments/kxnxcp/trump_gets_a_painful_reminder_of_his_loss_to/,FALSE,FALSE,FALSE,,https://redd.it/kxnxcp,politics,t5_2cneq,r/politics,7159120,public,https://b.thumbs.redditmedia.com/nWRWRUgfg_H_AeIFABi0xvMF_N_uDyYELF23GnOjN3I.jpg,Trump Gets A Painful Reminder Of His Loss To Biden Right Outside His Window | Call it a sign of things to come.,https://m.huffpost.com/us/entry/us_600101ddc5b6efae62f72ae7
t5_2cneq_moviesetmonkey_t3_kxnx3l,2021-01-15T05:27:43Z,moviesetmonkey,t2_zdqni,FALSE,FALSE,TRUE,FALSE,FALSE,2048,1610717263,0,FALSE,t3_kxnx3l,0,FALSE,TRUE,kxnx3l,TRUE,FALSE,FALSE,FALSE,TRUE,FALSE,FALSE,FALSE,FALSE,t3_kxnx3l,FALSE,FALSE,/r/politics/comments/kxnx3l/alpharetta_man_arrested_in_capitol_riots_found/,FALSE,FALSE,FALSE,,https://redd.it/kxnx3l,politics,t5_2cneq,r/politics,7159120,public,https://b.thumbs.redditmedia.com/sOpLMV2xLVLrWXvTz3gBNNdIgr61sH62qtzxqyoB7gg.jpg,Alpharetta man arrested in Capitol riots found dead in home,https://www.fox5atlanta.com/news/alpharetta-man-arrested-in-capitol-riots-found-dead-in-home
t5_2cneq_lightinggod_t3_kxnw7a,2021-01-15T05:26:06Z,lightinggod,t2_4a72j,FALSE,FALSE,TRUE,FALSE,FALSE,2048,1610717166,0,FALSE,t3_kxnw7a,0,FALSE,TRUE,kxnw7a,TRUE,FALSE,FALSE,FALSE,TRUE,FALSE,FALSE,FALSE,FALSE,t3_kxnw7a,FALSE,FALSE,/r/politics/comments/kxnw7a/trumps_postpresidential_impeachment_punishment/,FALSE,FALSE,FALSE,,https://redd.it/kxnw7a,politics,t5_2cneq,r/politics,7159120,public,https://b.thumbs.redditmedia.com/DVM8ZdJ2JUm22oph_F_8MMQsp79EqKOycV9w5sIX5pQ.jpg,Trump's post-presidential impeachment punishment may end up before the Supreme Court.,https://www.usatoday.com/story/opinion/2021/01/14/trump-impeachment-trial-constitutional-mess-column/4157285001/
t5_2cneq_SplashyTetraspore_t3_kxnt8a,2021-01-15T05:20:30Z,SplashyTetraspore,t2_mlm76q5,TRUE,FALSE,TRUE,FALSE,FALSE,2048,1610716830,0,FALSE,t3_kxnt8a,0,FALSE,TRUE,kxnt8a,TRUE,FALSE,FALSE,FALSE,TRUE,FALSE,FALSE,FALSE,FALSE,t3_kxnt8a,FALSE,FALSE,/r/politics/comments/kxnt8a/ive_had_it_with_interviewing_trump_supporters_who/,FALSE,FALSE,FALSE,,https://redd.it/kxnt8a,politics,t5_2cneq,r/politics,7159120,public,https://b.thumbs.redditmedia.com/qs9iu_9XXpEUq-HAf0Dzm7uO1RnTvDa2J22-pO2NBWg.jpg,I've had it with interviewing Trump supporters who go off the deep end,https://www.cnn.com/2021/01/14/opinions/trump-supporters-capitol-mob-camerota/index.html
t5_2cneq_Cammedy_t3_kxnsl5,2021-01-15T05:19:12Z,Cammedy,t2_738s09md,FALSE,FALSE,TRUE,FALSE,FALSE,2048,1610716752,0,FALSE,t3_kxnsl5,0,FALSE,TRUE,kxnsl5,TRUE,FALSE,FALSE,FALSE,TRUE,FALSE,FALSE,FALSE,FALSE,t3_kxnsl5,TRUE,FALSE,/r/politics/comments/kxnsl5/rehearsal_for_bidens_inauguration_postponed_due/,FALSE,FALSE,FALSE,,https://redd.it/kxnsl5,politics,t5_2cneq,r/politics,7159120,public,https://a.thumbs.redditmedia.com/NtLHJIQ5NrPLWUTO_iJPxntZm1W1cLk6gF3DpVx2m-8.jpg,Rehearsal for Biden's inauguration postponed due to security concerns — where is Obama ?,https://www.jpost.com/breaking-news/rehearsal-for-bidens-inauguration-postponed-due-to-security-concerns-655540
t5_2cneq_Shava64_t3_kxnrtr,2021-01-15T05:17:40Z,Shava64,t2_3yemtoe6,TRUE,FALSE,TRUE,FALSE,FALSE,2048,1610716660,0,FALSE,t3_kxnrtr,0,FALSE,TRUE,kxnrtr,TRUE,FALSE,FALSE,FALSE,TRUE,FALSE,FALSE,FALSE,FALSE,t3_kxnrtr,FALSE,FALSE,/r/politics/comments/kxnrtr/judge_frees_north_texan_who_faces_charges_in_the/,FALSE,FALSE,FALSE,,https://redd.it/kxnrtr,politics,t5_2cneq,r/politics,7159120,public,https://b.thumbs.redditmedia.com/eB69IdxVhvwHwVlC-85IrNwIQT6gM96-40bZ-qeOioE.jpg,"Judge frees North Texan who faces charges in the Capitol riot, despite warnings from the FBI",https://www.dallasnews.com/news/courts/2021/01/14/judge-frees-larry-brock-facing-charges-in-capitol-riot-despite-warnings-from-fbi/
t5_2cneq_jaiga99_t3_kxnqu5,2021-01-15T05:15:53Z,jaiga99,t2_12ppwrzt,FALSE,FALSE,TRUE,FALSE,FALSE,2048,1610716553,0,FALSE,t3_kxnqu5,0,FALSE,TRUE,kxnqu5,TRUE,FALSE,FALSE,FALSE,TRUE,FALSE,FALSE,FALSE,FALSE,t3_kxnqu5,FALSE,FALSE,/r/politics/comments/kxnqu5/donald_trump_jr_sought_for_questioning_by/,FALSE,FALSE,FALSE,,https://redd.it/kxnqu5,politics,t5_2cneq,r/politics,7159120,public,https://b.thumbs.redditmedia.com/5AU_fc6TIpZFdKAMzBltFa6NjLc3kECx8E3cIYVgyJY.jpg,Donald Trump Jr. Sought for Questioning by Prosecutors in D.C.,https://www.bloomberg.com/news/articles/2021-01-15/donald-trump-jr-sought-for-questioning-by-prosecutors-in-d-c
t5_2cneq_catapult12_t3_kxo0l5,2021-01-15T05:34:19Z,catapult12,t2_62f6lwcd,FALSE,FALSE,TRUE,FALSE,FALSE,2048,1610717659,0,FALSE,t3_kxo0l5,0,FALSE,TRUE,kxo0l5,TRUE,FALSE,FALSE,FALSE,TRUE,FALSE,FALSE,FALSE,FALSE,t3_kxo0l5,FALSE,FALSE,/r/politics/comments/kxo0l5/from_1982_to_present_the_conservative_heritage/,FALSE,FALSE,FALSE,,https://redd.it/kxo0l5,politics,t5_2cneq,r/politics,7159122,public,https://b.thumbs.redditmedia.com/Lj10-2Vgvo7BOKBVbwGJvFMRy-3m78kDwrJPD6UNT8g.jpg,"From 1982 to present, the conservative Heritage Foundation reports 1,308 cases of proven voter fraud for the entire US, a cumulative total that doesn’t even come close to the 11k votes Trump wanted to “find” in GA alone. The Brookings Institute used this information to prove how rare fraud is.",https://www.brookings.edu/blog/fixgov/2020/06/02/low-rates-of-fraud-in-vote-by-mail-states-show-the-benefits-outweigh-the-risks/
t5_2cneq_trashgrabbinbandit_t3_kxo014,2021-01-15T05:33:14Z,trashgrabbinbandit,t2_9jy0b,FALSE,FALSE,TRUE,FALSE,FALSE,2048,1610717594,0,FALSE,t3_kxo014,0,FALSE,TRUE,kxo014,TRUE,FALSE,FALSE,FALSE,TRUE,FALSE,FALSE,FALSE,FALSE,t3_kxo014,FALSE,FALSE,/r/politics/comments/kxo014/feds_edge_closer_to_sedition_charge_in_capitol/,FALSE,FALSE,FALSE,,https://redd.it/kxo014,politics,t5_2cneq,r/politics,7159122,public,https://b.thumbs.redditmedia.com/icPibg3ssw9O0VxkLdHLwCpb7POT7uMAqhd8bTwBLSc.jpg,Feds edge closer to sedition charge in Capitol riot aftermath,https://www.politico.com/news/2021/01/15/feds-edge-closer-to-sedition-charge-459573
t5_2cneq_FriesWithThat_t3_kxnz3m,2021-01-15T05:31:28Z,FriesWithThat,t2_3s0vy,TRUE,FALSE,TRUE,FALSE,FALSE,2048,1610717488,0,FALSE,t3_kxnz3m,0,FALSE,TRUE,kxnz3m,TRUE,FALSE,FALSE,FALSE,TRUE,FALSE,FALSE,FALSE,FALSE,t3_kxnz3m,FALSE,FALSE,/r/politics/comments/kxnz3m/trump_gets_a_painful_reminder_of_his_loss_to/,FALSE,FALSE,FALSE,,https://redd.it/kxnz3m,politics,t5_2cneq,r/politics,7159122,public,https://b.thumbs.redditmedia.com/-ZcLrTYOCMizFKrbEsINMQBBPJj69Q4myDfYkNhqiEY.jpg,Trump Gets A Painful Reminder Of His Loss To Biden Right Outside His Window,https://www.huffpost.com/entry/biden-harris-white-house-inauguration-signs-trump_n_600101ddc5b6efae62f72ae7
t5_2cneq_alicen_chains_t3_kxnxcp,2021-01-15T05:28:13Z,alicen_chains,t2_4uujtoat,TRUE,FALSE,TRUE,FALSE,FALSE,2048,1610717293,0,FALSE,t3_kxnxcp,0,FALSE,TRUE,kxnxcp,TRUE,FALSE,FALSE,FALSE,TRUE,FALSE,FALSE,FALSE,FALSE,t3_kxnxcp,FALSE,FALSE,/r/politics/comments/kxnxcp/trump_gets_a_painful_reminder_of_his_loss_to/,FALSE,FALSE,FALSE,,https://redd.it/kxnxcp,politics,t5_2cneq,r/politics,7159122,public,https://b.thumbs.redditmedia.com/nWRWRUgfg_H_AeIFABi0xvMF_N_uDyYELF23GnOjN3I.jpg,Trump Gets A Painful Reminder Of His Loss To Biden Right Outside His Window | Call it a sign of things to come.,https://m.huffpost.com/us/entry/us_600101ddc5b6efae62f72ae7
t5_2cneq_moviesetmonkey_t3_kxnx3l,2021-01-15T05:27:43Z,moviesetmonkey,t2_zdqni,FALSE,FALSE,TRUE,FALSE,FALSE,2048,1610717263,0,FALSE,t3_kxnx3l,0,FALSE,TRUE,kxnx3l,TRUE,FALSE,FALSE,FALSE,TRUE,FALSE,FALSE,FALSE,FALSE,t3_kxnx3l,FALSE,FALSE,/r/politics/comments/kxnx3l/alpharetta_man_arrested_in_capitol_riots_found/,FALSE,FALSE,FALSE,,https://redd.it/kxnx3l,politics,t5_2cneq,r/politics,7159122,public,https://b.thumbs.redditmedia.com/sOpLMV2xLVLrWXvTz3gBNNdIgr61sH62qtzxqyoB7gg.jpg,Alpharetta man arrested in Capitol riots found dead in home,https://www.fox5atlanta.com/news/alpharetta-man-arrested-in-capitol-riots-found-dead-in-home
t5_2cneq_lightinggod_t3_kxnw7a,2021-01-15T05:26:06Z,lightinggod,t2_4a72j,FALSE,FALSE,TRUE,FALSE,FALSE,2048,1610717166,0,FALSE,t3_kxnw7a,0,FALSE,TRUE,kxnw7a,TRUE,FALSE,FALSE,FALSE,TRUE,FALSE,FALSE,FALSE,FALSE,t3_kxnw7a,FALSE,FALSE,/r/politics/comments/kxnw7a/trumps_postpresidential_impeachment_punishment/,FALSE,FALSE,FALSE,,https://redd.it/kxnw7a,politics,t5_2cneq,r/politics,7159122,public,https://b.thumbs.redditmedia.com/DVM8ZdJ2JUm22oph_F_8MMQsp79EqKOycV9w5sIX5pQ.jpg,Trump's post-presidential impeachment punishment may end up before the Supreme Court.,https://www.usatoday.com/story/opinion/2021/01/14/trump-impeachment-trial-constitutional-mess-column/4157285001/
t5_2cneq_SplashyTetraspore_t3_kxnt8a,2021-01-15T05:20:30Z,SplashyTetraspore,t2_mlm76q5,TRUE,FALSE,TRUE,FALSE,FALSE,2048,1610716830,0,FALSE,t3_kxnt8a,0,FALSE,TRUE,kxnt8a,TRUE,FALSE,FALSE,FALSE,TRUE,FALSE,FALSE,FALSE,FALSE,t3_kxnt8a,FALSE,FALSE,/r/politics/comments/kxnt8a/ive_had_it_with_interviewing_trump_supporters_who/,FALSE,FALSE,FALSE,,https://redd.it/kxnt8a,politics,t5_2cneq,r/politics,7159122,public,https://b.thumbs.redditmedia.com/qs9iu_9XXpEUq-HAf0Dzm7uO1RnTvDa2J22-pO2NBWg.jpg,I've had it with interviewing Trump supporters who go off the deep end,https://www.cnn.com/2021/01/14/opinions/trump-supporters-capitol-mob-camerota/index.html
t5_2cneq_Cammedy_t3_kxnsl5,2021-01-15T05:19:12Z,Cammedy,t2_738s09md,FALSE,FALSE,TRUE,FALSE,FALSE,2048,1610716752,0,FALSE,t3_kxnsl5,0,FALSE,TRUE,kxnsl5,TRUE,FALSE,FALSE,FALSE,TRUE,FALSE,FALSE,FALSE,FALSE,t3_kxnsl5,TRUE,FALSE,/r/politics/comments/kxnsl5/rehearsal_for_bidens_inauguration_postponed_due/,FALSE,FALSE,FALSE,,https://redd.it/kxnsl5,politics,t5_2cneq,r/politics,7159122,public,https://a.thumbs.redditmedia.com/NtLHJIQ5NrPLWUTO_iJPxntZm1W1cLk6gF3DpVx2m-8.jpg,Rehearsal for Biden's inauguration postponed due to security concerns — where is Obama ?,https://www.jpost.com/breaking-news/rehearsal-for-bidens-inauguration-postponed-due-to-security-concerns-655540
t5_2cneq_Shava64_t3_kxnrtr,2021-01-15T05:17:40Z,Shava64,t2_3yemtoe6,TRUE,FALSE,TRUE,FALSE,FALSE,2048,1610716660,0,FALSE,t3_kxnrtr,0,FALSE,TRUE,kxnrtr,TRUE,FALSE,FALSE,FALSE,TRUE,FALSE,FALSE,FALSE,FALSE,t3_kxnrtr,FALSE,FALSE,/r/politics/comments/kxnrtr/judge_frees_north_texan_who_faces_charges_in_the/,FALSE,FALSE,FALSE,,https://redd.it/kxnrtr,politics,t5_2cneq,r/politics,7159122,public,https://b.thumbs.redditmedia.com/eB69IdxVhvwHwVlC-85IrNwIQT6gM96-40bZ-qeOioE.jpg,"Judge frees North Texan who faces charges in the Capitol riot, despite warnings from the FBI",https://www.dallasnews.com/news/courts/2021/01/14/judge-frees-larry-brock-facing-charges-in-capitol-riot-despite-warnings-from-fbi/
t5_2cneq_jaiga99_t3_kxnqu5,2021-01-15T05:15:53Z,jaiga99,t2_12ppwrzt,FALSE,FALSE,TRUE,FALSE,FALSE,2048,1610716553,0,FALSE,t3_kxnqu5,0,FALSE,TRUE,kxnqu5,TRUE,FALSE,FALSE,FALSE,TRUE,FALSE,FALSE,FALSE,FALSE,t3_kxnqu5,FALSE,FALSE,/r/politics/comments/kxnqu5/donald_trump_jr_sought_for_questioning_by/,FALSE,FALSE,FALSE,,https://redd.it/kxnqu5,politics,t5_2cneq,r/politics,7159122,public,https://b.thumbs.redditmedia.com/5AU_fc6TIpZFdKAMzBltFa6NjLc3kECx8E3cIYVgyJY.jpg,Donald Trump Jr. Sought for Questioning by Prosecutors in D.C.,https://www.bloomberg.com/news/articles/2021-01-15/donald-trump-jr-sought-for-questioning-by-prosecutors-in-d-c
t5_2cneq_peacewc_t3_kxo59t,2021-01-15T05:42:50Z,peacewc,t2_6on5l4m8,FALSE,FALSE,TRUE,FALSE,FALSE,2048,1610718170,0,FALSE,t3_kxo59t,0,FALSE,TRUE,kxo59t,TRUE,FALSE,FALSE,FALSE,TRUE,FALSE,FALSE,FALSE,FALSE,t3_kxo59t,FALSE,FALSE,/r/politics/comments/kxo59t/biden_taps_lisa_monaco_as_homeland_security/,FALSE,FALSE,FALSE,,https://redd.it/kxo59t,politics,t5_2cneq,r/politics,7159149,public,https://b.thumbs.redditmedia.com/RPxWWMRJi0m9-TV66DVoP25rC8e_agvdIVZlMQMbgww.jpg,Biden taps Lisa Monaco as homeland security adviser to inauguration amid rising threats,https://www.cnn.com/2021/01/14/politics/joe-biden-lisa-monaco-inauguration/index.html
t5_2cneq_yaboodooect_t3_kxo3i7,2021-01-15T05:39:37Z,yaboodooect,t2_4de6hm5l,FALSE,FALSE,TRUE,FALSE,FALSE,2048,1610717977,0,FALSE,t3_kxo3i7,0,FALSE,TRUE,kxo3i7,TRUE,FALSE,FALSE,FALSE,TRUE,FALSE,FALSE,FALSE,FALSE,t3_kxo3i7,FALSE,FALSE,/r/politics/comments/kxo3i7/biden_plans_halfmillion_dollar_scrubdown_of_white/,FALSE,FALSE,FALSE,,https://redd.it/kxo3i7,politics,t5_2cneq,r/politics,7159149,public,https://b.thumbs.redditmedia.com/1iy-npd0P2cBxlPKPNMprRBKAryQQxWOqsOo-3A3qeA.jpg,Biden plans half-million dollar scrub-down of White House before moving in,https://nationalpost.com/news/biden-plans-half-million-dollar-scrub-down-of-white-house-before-moving-in
t5_2cneq_Ganrokh_t3_kxo3fu,2021-01-15T05:39:28Z,Ganrokh,t2_774oh,TRUE,FALSE,TRUE,FALSE,FALSE,2048,1610717968,0,FALSE,t3_kxo3fu,0,FALSE,TRUE,kxo3fu,TRUE,FALSE,FALSE,FALSE,TRUE,FALSE,FALSE,FALSE,FALSE,t3_kxo3fu,FALSE,FALSE,/r/politics/comments/kxo3fu/report_some_democrats_in_congress_are_worried/,FALSE,FALSE,FALSE,,https://redd.it/kxo3fu,politics,t5_2cneq,r/politics,7159149,public,https://a.thumbs.redditmedia.com/YEdAUaf_g-zWo46AHM83fYokshM_-MVHNrWmAsB7_J8.jpg,Report: Some Democrats in Congress are worried their colleagues might kill them,https://www.msnbc.com/all-in/watch/report-some-democrats-in-congress-are-worried-their-colleagues-might-kill-them-99497029849
t5_2cneq_hammadurb_t3_kxo2wy,2021-01-15T05:38:32Z,hammadurb,t2_8hf19,TRUE,FALSE,TRUE,FALSE,FALSE,2048,1610717912,0,FALSE,t3_kxo2wy,0,FALSE,TRUE,kxo2wy,TRUE,FALSE,FALSE,FALSE,TRUE,FALSE,FALSE,FALSE,FALSE,t3_kxo2wy,FALSE,FALSE,/r/politics/comments/kxo2wy/trump_silent_as_fbi_details_threats_to_biden/,FALSE,FALSE,FALSE,,https://redd.it/kxo2wy,politics,t5_2cneq,r/politics,7159149,public,https://b.thumbs.redditmedia.com/l_oU9v-WdFe1F4E6vAulwSd_7MWGepCCxdimk3NBY4w.jpg,Trump silent as FBI details threats to Biden inauguration,https://news.yahoo.com/trump-silent-fbi-details-threats-044137767.html
t5_2cneq_catapult12_t3_kxo0l5,2021-01-15T05:34:19Z,catapult12,t2_62f6lwcd,FALSE,FALSE,TRUE,FALSE,FALSE,2048,1610717659,0,FALSE,t3_kxo0l5,0,FALSE,TRUE,kxo0l5,TRUE,FALSE,FALSE,FALSE,TRUE,FALSE,FALSE,FALSE,FALSE,t3_kxo0l5,FALSE,FALSE,/r/politics/comments/kxo0l5/from_1982_to_present_the_conservative_heritage/,FALSE,FALSE,FALSE,,https://redd.it/kxo0l5,politics,t5_2cneq,r/politics,7159149,public,https://b.thumbs.redditmedia.com/Lj10-2Vgvo7BOKBVbwGJvFMRy-3m78kDwrJPD6UNT8g.jpg,"From 1982 to present, the conservative Heritage Foundation reports 1,308 cases of proven voter fraud for the entire US, a cumulative total that doesn’t even come close to the 11k votes Trump wanted to “find” in GA alone. The Brookings Institute used this information to prove how rare fraud is.",https://www.brookings.edu/blog/fixgov/2020/06/02/low-rates-of-fraud-in-vote-by-mail-states-show-the-benefits-outweigh-the-risks/
t5_2cneq_trashgrabbinbandit_t3_kxo014,2021-01-15T05:33:14Z,trashgrabbinbandit,t2_9jy0b,FALSE,FALSE,TRUE,FALSE,FALSE,2048,1610717594,0,FALSE,t3_kxo014,0,FALSE,TRUE,kxo014,TRUE,FALSE,FALSE,FALSE,TRUE,FALSE,FALSE,FALSE,FALSE,t3_kxo014,FALSE,FALSE,/r/politics/comments/kxo014/feds_edge_closer_to_sedition_charge_in_capitol/,FALSE,FALSE,FALSE,,https://redd.it/kxo014,politics,t5_2cneq,r/politics,7159149,public,https://b.thumbs.redditmedia.com/icPibg3ssw9O0VxkLdHLwCpb7POT7uMAqhd8bTwBLSc.jpg,Feds edge closer to sedition charge in Capitol riot aftermath,https://www.politico.com/news/2021/01/15/feds-edge-closer-to-sedition-charge-459573
t5_2cneq_FriesWithThat_t3_kxnz3m,2021-01-15T05:31:28Z,FriesWithThat,t2_3s0vy,TRUE,FALSE,TRUE,FALSE,FALSE,2048,1610717488,0,FALSE,t3_kxnz3m,0,FALSE,TRUE,kxnz3m,TRUE,FALSE,FALSE,FALSE,TRUE,FALSE,FALSE,FALSE,FALSE,t3_kxnz3m,FALSE,FALSE,/r/politics/comments/kxnz3m/trump_gets_a_painful_reminder_of_his_loss_to/,FALSE,FALSE,FALSE,,https://redd.it/kxnz3m,politics,t5_2cneq,r/politics,7159149,public,https://b.thumbs.redditmedia.com/-ZcLrTYOCMizFKrbEsINMQBBPJj69Q4myDfYkNhqiEY.jpg,Trump Gets A Painful Reminder Of His Loss To Biden Right Outside His Window,https://www.huffpost.com/entry/biden-harris-white-house-inauguration-signs-trump_n_600101ddc5b6efae62f72ae7
t5_2cneq_alicen_chains_t3_kxnxcp,2021-01-15T05:28:13Z,alicen_chains,t2_4uujtoat,TRUE,FALSE,TRUE,FALSE,FALSE,2048,1610717293,0,FALSE,t3_kxnxcp,0,FALSE,TRUE,kxnxcp,TRUE,FALSE,FALSE,FALSE,TRUE,FALSE,FALSE,FALSE,FALSE,t3_kxnxcp,FALSE,FALSE,/r/politics/comments/kxnxcp/trump_gets_a_painful_reminder_of_his_loss_to/,FALSE,FALSE,FALSE,,https://redd.it/kxnxcp,politics,t5_2cneq,r/politics,7159149,public,https://b.thumbs.redditmedia.com/nWRWRUgfg_H_AeIFABi0xvMF_N_uDyYELF23GnOjN3I.jpg,Trump Gets A Painful Reminder Of His Loss To Biden Right Outside His Window | Call it a sign of things to come.,https://m.huffpost.com/us/entry/us_600101ddc5b6efae62f72ae7
t5_2cneq_moviesetmonkey_t3_kxnx3l,2021-01-15T05:27:43Z,moviesetmonkey,t2_zdqni,FALSE,FALSE,TRUE,FALSE,FALSE,2048,1610717263,0,FALSE,t3_kxnx3l,0,FALSE,TRUE,kxnx3l,TRUE,FALSE,FALSE,FALSE,TRUE,FALSE,FALSE,FALSE,FALSE,t3_kxnx3l,FALSE,FALSE,/r/politics/comments/kxnx3l/alpharetta_man_arrested_in_capitol_riots_found/,FALSE,FALSE,FALSE,,https://redd.it/kxnx3l,politics,t5_2cneq,r/politics,7159149,public,https://b.thumbs.redditmedia.com/sOpLMV2xLVLrWXvTz3gBNNdIgr61sH62qtzxqyoB7gg.jpg,Alpharetta man arrested in Capitol riots found dead in home,https://www.fox5atlanta.com/news/alpharetta-man-arrested-in-capitol-riots-found-dead-in-home
t5_2cneq_lightinggod_t3_kxnw7a,2021-01-15T05:26:06Z,lightinggod,t2_4a72j,FALSE,FALSE,TRUE,FALSE,FALSE,2048,1610717166,0,FALSE,t3_kxnw7a,0,FALSE,TRUE,kxnw7a,TRUE,FALSE,FALSE,FALSE,TRUE,FALSE,FALSE,FALSE,FALSE,t3_kxnw7a,FALSE,FALSE,/r/politics/comments/kxnw7a/trumps_postpresidential_impeachment_punishment/,FALSE,FALSE,FALSE,,https://redd.it/kxnw7a,politics,t5_2cneq,r/politics,7159149,public,https://b.thumbs.redditmedia.com/DVM8ZdJ2JUm22oph_F_8MMQsp79EqKOycV9w5sIX5pQ.jpg,Trump's post-presidential impeachment punishment may end up before the Supreme Court.,https://www.usatoday.com/story/opinion/2021/01/14/trump-impeachment-trial-constitutional-mess-column/4157285001/
t5_2cneq_peacewc_t3_kxo59t,2021-01-15T05:42:50Z,peacewc,t2_6on5l4m8,FALSE,FALSE,TRUE,FALSE,FALSE,2048,1610718170,0,FALSE,t3_kxo59t,0,FALSE,TRUE,kxo59t,TRUE,FALSE,FALSE,FALSE,TRUE,FALSE,FALSE,FALSE,FALSE,t3_kxo59t,FALSE,FALSE,/r/politics/comments/kxo59t/biden_taps_lisa_monaco_as_homeland_security/,FALSE,FALSE,FALSE,,https://redd.it/kxo59t,politics,t5_2cneq,r/politics,7159148,public,https://b.thumbs.redditmedia.com/RPxWWMRJi0m9-TV66DVoP25rC8e_agvdIVZlMQMbgww.jpg,Biden taps Lisa Monaco as homeland security adviser to inauguration amid rising threats,https://www.cnn.com/2021/01/14/politics/joe-biden-lisa-monaco-inauguration/index.html
t5_2cneq_yaboodooect_t3_kxo3i7,2021-01-15T05:39:37Z,yaboodooect,t2_4de6hm5l,FALSE,FALSE,TRUE,FALSE,FALSE,2048,1610717977,0,FALSE,t3_kxo3i7,0,FALSE,TRUE,kxo3i7,TRUE,FALSE,FALSE,FALSE,TRUE,FALSE,FALSE,FALSE,FALSE,t3_kxo3i7,FALSE,FALSE,/r/politics/comments/kxo3i7/biden_plans_halfmillion_dollar_scrubdown_of_white/,FALSE,FALSE,FALSE,,https://redd.it/kxo3i7,politics,t5_2cneq,r/politics,7159148,public,https://b.thumbs.redditmedia.com/1iy-npd0P2cBxlPKPNMprRBKAryQQxWOqsOo-3A3qeA.jpg,Biden plans half-million dollar scrub-down of White House before moving in,https://nationalpost.com/news/biden-plans-half-million-dollar-scrub-down-of-white-house-before-moving-in
t5_2cneq_Ganrokh_t3_kxo3fu,2021-01-15T05:39:28Z,Ganrokh,t2_774oh,TRUE,FALSE,TRUE,FALSE,FALSE,2048,1610717968,0,FALSE,t3_kxo3fu,0,FALSE,TRUE,kxo3fu,TRUE,FALSE,FALSE,FALSE,TRUE,FALSE,FALSE,FALSE,FALSE,t3_kxo3fu,FALSE,FALSE,/r/politics/comments/kxo3fu/report_some_democrats_in_congress_are_worried/,FALSE,FALSE,FALSE,,https://redd.it/kxo3fu,politics,t5_2cneq,r/politics,7159148,public,https://a.thumbs.redditmedia.com/YEdAUaf_g-zWo46AHM83fYokshM_-MVHNrWmAsB7_J8.jpg,Report: Some Democrats in Congress are worried their colleagues might kill them,https://www.msnbc.com/all-in/watch/report-some-democrats-in-congress-are-worried-their-colleagues-might-kill-them-99497029849
t5_2cneq_hammadurb_t3_kxo2wy,2021-01-15T05:38:32Z,hammadurb,t2_8hf19,TRUE,FALSE,TRUE,FALSE,FALSE,2048,1610717912,0,FALSE,t3_kxo2wy,0,FALSE,TRUE,kxo2wy,TRUE,FALSE,FALSE,FALSE,TRUE,FALSE,FALSE,FALSE,FALSE,t3_kxo2wy,FALSE,FALSE,/r/politics/comments/kxo2wy/trump_silent_as_fbi_details_threats_to_biden/,FALSE,FALSE,FALSE,,https://redd.it/kxo2wy,politics,t5_2cneq,r/politics,7159148,public,https://b.thumbs.redditmedia.com/l_oU9v-WdFe1F4E6vAulwSd_7MWGepCCxdimk3NBY4w.jpg,Trump silent as FBI details threats to Biden inauguration,https://news.yahoo.com/trump-silent-fbi-details-threats-044137767.html
t5_2cneq_catapult12_t3_kxo0l5,2021-01-15T05:34:19Z,catapult12,t2_62f6lwcd,FALSE,FALSE,TRUE,FALSE,FALSE,2048,1610717659,0,FALSE,t3_kxo0l5,0,FALSE,TRUE,kxo0l5,TRUE,FALSE,FALSE,FALSE,TRUE,FALSE,FALSE,FALSE,FALSE,t3_kxo0l5,FALSE,FALSE,/r/politics/comments/kxo0l5/from_1982_to_present_the_conservative_heritage/,FALSE,FALSE,FALSE,,https://redd.it/kxo0l5,politics,t5_2cneq,r/politics,7159148,public,https://b.thumbs.redditmedia.com/Lj10-2Vgvo7BOKBVbwGJvFMRy-3m78kDwrJPD6UNT8g.jpg,"From 1982 to present, the conservative Heritage Foundation reports 1,308 cases of proven voter fraud for the entire US, a cumulative total that doesn’t even come close to the 11k votes Trump wanted to “find” in GA alone. The Brookings Institute used this information to prove how rare fraud is.",https://www.brookings.edu/blog/fixgov/2020/06/02/low-rates-of-fraud-in-vote-by-mail-states-show-the-benefits-outweigh-the-risks/
t5_2cneq_trashgrabbinbandit_t3_kxo014,2021-01-15T05:33:14Z,trashgrabbinbandit,t2_9jy0b,FALSE,FALSE,TRUE,FALSE,FALSE,2048,1610717594,0,FALSE,t3_kxo014,0,FALSE,TRUE,kxo014,TRUE,FALSE,FALSE,FALSE,TRUE,FALSE,FALSE,FALSE,FALSE,t3_kxo014,FALSE,FALSE,/r/politics/comments/kxo014/feds_edge_closer_to_sedition_charge_in_capitol/,FALSE,FALSE,FALSE,,https://redd.it/kxo014,politics,t5_2cneq,r/politics,7159148,public,https://b.thumbs.redditmedia.com/icPibg3ssw9O0VxkLdHLwCpb7POT7uMAqhd8bTwBLSc.jpg,Feds edge closer to sedition charge in Capitol riot aftermath,https://www.politico.com/news/2021/01/15/feds-edge-closer-to-sedition-charge-459573
t5_2cneq_FriesWithThat_t3_kxnz3m,2021-01-15T05:31:28Z,FriesWithThat,t2_3s0vy,TRUE,FALSE,TRUE,FALSE,FALSE,2048,1610717488,0,FALSE,t3_kxnz3m,0,FALSE,TRUE,kxnz3m,TRUE,FALSE,FALSE,FALSE,TRUE,FALSE,FALSE,FALSE,FALSE,t3_kxnz3m,FALSE,FALSE,/r/politics/comments/kxnz3m/trump_gets_a_painful_reminder_of_his_loss_to/,FALSE,FALSE,FALSE,,https://redd.it/kxnz3m,politics,t5_2cneq,r/politics,7159148,public,https://b.thumbs.redditmedia.com/-ZcLrTYOCMizFKrbEsINMQBBPJj69Q4myDfYkNhqiEY.jpg,Trump Gets A Painful Reminder Of His Loss To Biden Right Outside His Window,https://www.huffpost.com/entry/biden-harris-white-house-inauguration-signs-trump_n_600101ddc5b6efae62f72ae7
t5_2cneq_alicen_chains_t3_kxnxcp,2021-01-15T05:28:13Z,alicen_chains,t2_4uujtoat,TRUE,FALSE,TRUE,FALSE,FALSE,2048,1610717293,0,FALSE,t3_kxnxcp,0,FALSE,TRUE,kxnxcp,TRUE,FALSE,FALSE,FALSE,TRUE,FALSE,FALSE,FALSE,FALSE,t3_kxnxcp,FALSE,FALSE,/r/politics/comments/kxnxcp/trump_gets_a_painful_reminder_of_his_loss_to/,FALSE,FALSE,FALSE,,https://redd.it/kxnxcp,politics,t5_2cneq,r/politics,7159148,public,https://b.thumbs.redditmedia.com/nWRWRUgfg_H_AeIFABi0xvMF_N_uDyYELF23GnOjN3I.jpg,Trump Gets A Painful Reminder Of His Loss To Biden Right Outside His Window | Call it a sign of things to come.,https://m.huffpost.com/us/entry/us_600101ddc5b6efae62f72ae7
t5_2cneq_moviesetmonkey_t3_kxnx3l,2021-01-15T05:27:43Z,moviesetmonkey,t2_zdqni,FALSE,FALSE,TRUE,FALSE,FALSE,2048,1610717263,0,FALSE,t3_kxnx3l,0,FALSE,TRUE,kxnx3l,TRUE,FALSE,FALSE,FALSE,TRUE,FALSE,FALSE,FALSE,FALSE,t3_kxnx3l,FALSE,FALSE,/r/politics/comments/kxnx3l/alpharetta_man_arrested_in_capitol_riots_found/,FALSE,FALSE,FALSE,,https://redd.it/kxnx3l,politics,t5_2cneq,r/politics,7159148,public,https://b.thumbs.redditmedia.com/sOpLMV2xLVLrWXvTz3gBNNdIgr61sH62qtzxqyoB7gg.jpg,Alpharetta man arrested in Capitol riots found dead in home,https://www.fox5atlanta.com/news/alpharetta-man-arrested-in-capitol-riots-found-dead-in-home
t5_2cneq_lightinggod_t3_kxnw7a,2021-01-15T05:26:06Z,lightinggod,t2_4a72j,FALSE,FALSE,TRUE,FALSE,FALSE,2048,1610717166,0,FALSE,t3_kxnw7a,0,FALSE,TRUE,kxnw7a,TRUE,FALSE,FALSE,FALSE,TRUE,FALSE,FALSE,FALSE,FALSE,t3_kxnw7a,FALSE,FALSE,/r/politics/comments/kxnw7a/trumps_postpresidential_impeachment_punishment/,FALSE,FALSE,FALSE,,https://redd.it/kxnw7a,politics,t5_2cneq,r/politics,7159148,public,https://b.thumbs.redditmedia.com/DVM8ZdJ2JUm22oph_F_8MMQsp79EqKOycV9w5sIX5pQ.jpg,Trump's post-presidential impeachment punishment may end up before the Supreme Court.,https://www.usatoday.com/story/opinion/2021/01/14/trump-impeachment-trial-constitutional-mess-column/4157285001/
t5_2cneq_peacewc_t3_kxo59t,2021-01-15T05:42:50Z,peacewc,t2_6on5l4m8,FALSE,FALSE,TRUE,FALSE,FALSE,2048,1610718170,0,FALSE,t3_kxo59t,0,FALSE,TRUE,kxo59t,TRUE,FALSE,FALSE,FALSE,TRUE,FALSE,FALSE,FALSE,FALSE,t3_kxo59t,FALSE,FALSE,/r/politics/comments/kxo59t/biden_taps_lisa_monaco_as_homeland_security/,FALSE,FALSE,FALSE,,https://redd.it/kxo59t,politics,t5_2cneq,r/politics,7159148,public,https://b.thumbs.redditmedia.com/RPxWWMRJi0m9-TV66DVoP25rC8e_agvdIVZlMQMbgww.jpg,Biden taps Lisa Monaco as homeland security adviser to inauguration amid rising threats,https://www.cnn.com/2021/01/14/politics/joe-biden-lisa-monaco-inauguration/index.html
t5_2cneq_yaboodooect_t3_kxo3i7,2021-01-15T05:39:37Z,yaboodooect,t2_4de6hm5l,FALSE,FALSE,TRUE,FALSE,FALSE,2048,1610717977,0,FALSE,t3_kxo3i7,0,FALSE,TRUE,kxo3i7,TRUE,FALSE,FALSE,FALSE,TRUE,FALSE,FALSE,FALSE,FALSE,t3_kxo3i7,FALSE,FALSE,/r/politics/comments/kxo3i7/biden_plans_halfmillion_dollar_scrubdown_of_white/,FALSE,FALSE,FALSE,,https://redd.it/kxo3i7,politics,t5_2cneq,r/politics,7159148,public,https://b.thumbs.redditmedia.com/1iy-npd0P2cBxlPKPNMprRBKAryQQxWOqsOo-3A3qeA.jpg,Biden plans half-million dollar scrub-down of White House before moving in,https://nationalpost.com/news/biden-plans-half-million-dollar-scrub-down-of-white-house-before-moving-in
t5_2cneq_Ganrokh_t3_kxo3fu,2021-01-15T05:39:28Z,Ganrokh,t2_774oh,TRUE,FALSE,TRUE,FALSE,FALSE,2048,1610717968,0,FALSE,t3_kxo3fu,0,FALSE,TRUE,kxo3fu,TRUE,FALSE,FALSE,FALSE,TRUE,FALSE,FALSE,FALSE,FALSE,t3_kxo3fu,FALSE,FALSE,/r/politics/comments/kxo3fu/report_some_democrats_in_congress_are_worried/,FALSE,FALSE,FALSE,,https://redd.it/kxo3fu,politics,t5_2cneq,r/politics,7159148,public,https://a.thumbs.redditmedia.com/YEdAUaf_g-zWo46AHM83fYokshM_-MVHNrWmAsB7_J8.jpg,Report: Some Democrats in Congress are worried their colleagues might kill them,https://www.msnbc.com/all-in/watch/report-some-democrats-in-congress-are-worried-their-colleagues-might-kill-them-99497029849
t5_2cneq_hammadurb_t3_kxo2wy,2021-01-15T05:38:32Z,hammadurb,t2_8hf19,TRUE,FALSE,TRUE,FALSE,FALSE,2048,1610717912,0,FALSE,t3_kxo2wy,0,FALSE,TRUE,kxo2wy,TRUE,FALSE,FALSE,FALSE,TRUE,FALSE,FALSE,FALSE,FALSE,t3_kxo2wy,FALSE,FALSE,/r/politics/comments/kxo2wy/trump_silent_as_fbi_details_threats_to_biden/,FALSE,FALSE,FALSE,,https://redd.it/kxo2wy,politics,t5_2cneq,r/politics,7159148,public,https://b.thumbs.redditmedia.com/l_oU9v-WdFe1F4E6vAulwSd_7MWGepCCxdimk3NBY4w.jpg,Trump silent as FBI details threats to Biden inauguration,https://news.yahoo.com/trump-silent-fbi-details-threats-044137767.html
t5_2cneq_catapult12_t3_kxo0l5,2021-01-15T05:34:19Z,catapult12,t2_62f6lwcd,FALSE,FALSE,TRUE,FALSE,FALSE,2048,1610717659,0,FALSE,t3_kxo0l5,0,FALSE,TRUE,kxo0l5,TRUE,FALSE,FALSE,FALSE,TRUE,FALSE,FALSE,FALSE,FALSE,t3_kxo0l5,FALSE,FALSE,/r/politics/comments/kxo0l5/from_1982_to_present_the_conservative_heritage/,FALSE,FALSE,FALSE,,https://redd.it/kxo0l5,politics,t5_2cneq,r/politics,7159148,public,https://b.thumbs.redditmedia.com/Lj10-2Vgvo7BOKBVbwGJvFMRy-3m78kDwrJPD6UNT8g.jpg,"From 1982 to present, the conservative Heritage Foundation reports 1,308 cases of proven voter fraud for the entire US, a cumulative total that doesn’t even come close to the 11k votes Trump wanted to “find” in GA alone. The Brookings Institute used this information to prove how rare fraud is.",https://www.brookings.edu/blog/fixgov/2020/06/02/low-rates-of-fraud-in-vote-by-mail-states-show-the-benefits-outweigh-the-risks/
t5_2cneq_trashgrabbinbandit_t3_kxo014,2021-01-15T05:33:14Z,trashgrabbinbandit,t2_9jy0b,FALSE,FALSE,TRUE,FALSE,FALSE,2048,1610717594,0,FALSE,t3_kxo014,0,FALSE,TRUE,kxo014,TRUE,FALSE,FALSE,FALSE,TRUE,FALSE,FALSE,FALSE,FALSE,t3_kxo014,FALSE,FALSE,/r/politics/comments/kxo014/feds_edge_closer_to_sedition_charge_in_capitol/,FALSE,FALSE,FALSE,,https://redd.it/kxo014,politics,t5_2cneq,r/politics,7159148,public,https://b.thumbs.redditmedia.com/icPibg3ssw9O0VxkLdHLwCpb7POT7uMAqhd8bTwBLSc.jpg,Feds edge closer to sedition charge in Capitol riot aftermath,https://www.politico.com/news/2021/01/15/feds-edge-closer-to-sedition-charge-459573
t5_2cneq_FriesWithThat_t3_kxnz3m,2021-01-15T05:31:28Z,FriesWithThat,t2_3s0vy,TRUE,FALSE,TRUE,FALSE,FALSE,2048,1610717488,0,FALSE,t3_kxnz3m,0,FALSE,TRUE,kxnz3m,TRUE,FALSE,FALSE,FALSE,TRUE,FALSE,FALSE,FALSE,FALSE,t3_kxnz3m,FALSE,FALSE,/r/politics/comments/kxnz3m/trump_gets_a_painful_reminder_of_his_loss_to/,FALSE,FALSE,FALSE,,https://redd.it/kxnz3m,politics,t5_2cneq,r/politics,7159148,public,https://b.thumbs.redditmedia.com/-ZcLrTYOCMizFKrbEsINMQBBPJj69Q4myDfYkNhqiEY.jpg,Trump Gets A Painful Reminder Of His Loss To Biden Right Outside His Window,https://www.huffpost.com/entry/biden-harris-white-house-inauguration-signs-trump_n_600101ddc5b6efae62f72ae7
t5_2cneq_alicen_chains_t3_kxnxcp,2021-01-15T05:28:13Z,alicen_chains,t2_4uujtoat,TRUE,FALSE,TRUE,FALSE,FALSE,2048,1610717293,0,FALSE,t3_kxnxcp,0,FALSE,TRUE,kxnxcp,TRUE,FALSE,FALSE,FALSE,TRUE,FALSE,FALSE,FALSE,FALSE,t3_kxnxcp,FALSE,FALSE,/r/politics/comments/kxnxcp/trump_gets_a_painful_reminder_of_his_loss_to/,FALSE,FALSE,FALSE,,https://redd.it/kxnxcp,politics,t5_2cneq,r/politics,7159148,public,https://b.thumbs.redditmedia.com/nWRWRUgfg_H_AeIFABi0xvMF_N_uDyYELF23GnOjN3I.jpg,Trump Gets A Painful Reminder Of His Loss To Biden Right Outside His Window | Call it a sign of things to come.,https://m.huffpost.com/us/entry/us_600101ddc5b6efae62f72ae7
t5_2cneq_moviesetmonkey_t3_kxnx3l,2021-01-15T05:27:43Z,moviesetmonkey,t2_zdqni,FALSE,FALSE,TRUE,FALSE,FALSE,2048,1610717263,0,FALSE,t3_kxnx3l,0,FALSE,TRUE,kxnx3l,TRUE,FALSE,FALSE,FALSE,TRUE,FALSE,FALSE,FALSE,FALSE,t3_kxnx3l,FALSE,FALSE,/r/politics/comments/kxnx3l/alpharetta_man_arrested_in_capitol_riots_found/,FALSE,FALSE,FALSE,,https://redd.it/kxnx3l,politics,t5_2cneq,r/politics,7159148,public,https://b.thumbs.redditmedia.com/sOpLMV2xLVLrWXvTz3gBNNdIgr61sH62qtzxqyoB7gg.jpg,Alpharetta man arrested in Capitol riots found dead in home,https://www.fox5atlanta.com/news/alpharetta-man-arrested-in-capitol-riots-found-dead-in-home
t5_2cneq_lightinggod_t3_kxnw7a,2021-01-15T05:26:06Z,lightinggod,t2_4a72j,FALSE,FALSE,TRUE,FALSE,FALSE,2048,1610717166,0,FALSE,t3_kxnw7a,0,FALSE,TRUE,kxnw7a,TRUE,FALSE,FALSE,FALSE,TRUE,FALSE,FALSE,FALSE,FALSE,t3_kxnw7a,FALSE,FALSE,/r/politics/comments/kxnw7a/trumps_postpresidential_impeachment_punishment/,FALSE,FALSE,FALSE,,https://redd.it/kxnw7a,politics,t5_2cneq,r/politics,7159148,public,https://b.thumbs.redditmedia.com/DVM8ZdJ2JUm22oph_F_8MMQsp79EqKOycV9w5sIX5pQ.jpg,Trump's post-presidential impeachment punishment may end up before the Supreme Court.,https://www.usatoday.com/story/opinion/2021/01/14/trump-impeachment-trial-constitutional-mess-column/4157285001/
t5_2cneq_peacewc_t3_kxo59t,2021-01-15T05:42:50Z,peacewc,t2_6on5l4m8,FALSE,FALSE,TRUE,FALSE,FALSE,2048,1610718170,0,FALSE,t3_kxo59t,0,FALSE,TRUE,kxo59t,TRUE,FALSE,FALSE,FALSE,TRUE,FALSE,FALSE,FALSE,FALSE,t3_kxo59t,FALSE,FALSE,/r/politics/comments/kxo59t/biden_taps_lisa_monaco_as_homeland_security/,FALSE,FALSE,FALSE,,https://redd.it/kxo59t,politics,t5_2cneq,r/politics,7159149,public,https://b.thumbs.redditmedia.com/RPxWWMRJi0m9-TV66DVoP25rC8e_agvdIVZlMQMbgww.jpg,Biden taps Lisa Monaco as homeland security adviser to inauguration amid rising threats,https://www.cnn.com/2021/01/14/politics/joe-biden-lisa-monaco-inauguration/index.html
t5_2cneq_yaboodooect_t3_kxo3i7,2021-01-15T05:39:37Z,yaboodooect,t2_4de6hm5l,FALSE,FALSE,TRUE,FALSE,FALSE,2048,1610717977,0,FALSE,t3_kxo3i7,0,FALSE,TRUE,kxo3i7,TRUE,FALSE,FALSE,FALSE,TRUE,FALSE,FALSE,FALSE,FALSE,t3_kxo3i7,FALSE,FALSE,/r/politics/comments/kxo3i7/biden_plans_halfmillion_dollar_scrubdown_of_white/,FALSE,FALSE,FALSE,,https://redd.it/kxo3i7,politics,t5_2cneq,r/politics,7159149,public,https://b.thumbs.redditmedia.com/1iy-npd0P2cBxlPKPNMprRBKAryQQxWOqsOo-3A3qeA.jpg,Biden plans half-million dollar scrub-down of White House before moving in,https://nationalpost.com/news/biden-plans-half-million-dollar-scrub-down-of-white-house-before-moving-in
t5_2cneq_Ganrokh_t3_kxo3fu,2021-01-15T05:39:28Z,Ganrokh,t2_774oh,TRUE,FALSE,TRUE,FALSE,FALSE,2048,1610717968,0,FALSE,t3_kxo3fu,0,FALSE,TRUE,kxo3fu,TRUE,FALSE,FALSE,FALSE,TRUE,FALSE,FALSE,FALSE,FALSE,t3_kxo3fu,FALSE,FALSE,/r/politics/comments/kxo3fu/report_some_democrats_in_congress_are_worried/,FALSE,FALSE,FALSE,,https://redd.it/kxo3fu,politics,t5_2cneq,r/politics,7159149,public,https://a.thumbs.redditmedia.com/YEdAUaf_g-zWo46AHM83fYokshM_-MVHNrWmAsB7_J8.jpg,Report: Some Democrats in Congress are worried their colleagues might kill them,https://www.msnbc.com/all-in/watch/report-some-democrats-in-congress-are-worried-their-colleagues-might-kill-them-99497029849
t5_2cneq_hammadurb_t3_kxo2wy,2021-01-15T05:38:32Z,hammadurb,t2_8hf19,TRUE,FALSE,TRUE,FALSE,FALSE,2048,1610717912,0,FALSE,t3_kxo2wy,0,FALSE,TRUE,kxo2wy,TRUE,FALSE,FALSE,FALSE,TRUE,FALSE,FALSE,FALSE,FALSE,t3_kxo2wy,FALSE,FALSE,/r/politics/comments/kxo2wy/trump_silent_as_fbi_details_threats_to_biden/,FALSE,FALSE,FALSE,,https://redd.it/kxo2wy,politics,t5_2cneq,r/politics,7159149,public,https://b.thumbs.redditmedia.com/l_oU9v-WdFe1F4E6vAulwSd_7MWGepCCxdimk3NBY4w.jpg,Trump silent as FBI details threats to Biden inauguration,https://news.yahoo.com/trump-silent-fbi-details-threats-044137767.html
t5_2cneq_catapult12_t3_kxo0l5,2021-01-15T05:34:19Z,catapult12,t2_62f6lwcd,FALSE,FALSE,TRUE,FALSE,FALSE,2048,1610717659,0,FALSE,t3_kxo0l5,0,FALSE,TRUE,kxo0l5,TRUE,FALSE,FALSE,FALSE,TRUE,FALSE,FALSE,FALSE,FALSE,t3_kxo0l5,FALSE,FALSE,/r/politics/comments/kxo0l5/from_1982_to_present_the_conservative_heritage/,FALSE,FALSE,FALSE,,https://redd.it/kxo0l5,politics,t5_2cneq,r/politics,7159149,public,https://b.thumbs.redditmedia.com/Lj10-2Vgvo7BOKBVbwGJvFMRy-3m78kDwrJPD6UNT8g.jpg,"From 1982 to present, the conservative Heritage Foundation reports 1,308 cases of proven voter fraud for the entire US, a cumulative total that doesn’t even come close to the 11k votes Trump wanted to “find” in GA alone. The Brookings Institute used this information to prove how rare fraud is.",https://www.brookings.edu/blog/fixgov/2020/06/02/low-rates-of-fraud-in-vote-by-mail-states-show-the-benefits-outweigh-the-risks/
t5_2cneq_trashgrabbinbandit_t3_kxo014,2021-01-15T05:33:14Z,trashgrabbinbandit,t2_9jy0b,FALSE,FALSE,TRUE,FALSE,FALSE,2048,1610717594,0,FALSE,t3_kxo014,0,FALSE,TRUE,kxo014,TRUE,FALSE,FALSE,FALSE,TRUE,FALSE,FALSE,FALSE,FALSE,t3_kxo014,FALSE,FALSE,/r/politics/comments/kxo014/feds_edge_closer_to_sedition_charge_in_capitol/,FALSE,FALSE,FALSE,,https://redd.it/kxo014,politics,t5_2cneq,r/politics,7159149,public,https://b.thumbs.redditmedia.com/icPibg3ssw9O0VxkLdHLwCpb7POT7uMAqhd8bTwBLSc.jpg,Feds edge closer to sedition charge in Capitol riot aftermath,https://www.politico.com/news/2021/01/15/feds-edge-closer-to-sedition-charge-459573
t5_2cneq_FriesWithThat_t3_kxnz3m,2021-01-15T05:31:28Z,FriesWithThat,t2_3s0vy,TRUE,FALSE,TRUE,FALSE,FALSE,2048,1610717488,0,FALSE,t3_kxnz3m,0,FALSE,TRUE,kxnz3m,TRUE,FALSE,FALSE,FALSE,TRUE,FALSE,FALSE,FALSE,FALSE,t3_kxnz3m,FALSE,FALSE,/r/politics/comments/kxnz3m/trump_gets_a_painful_reminder_of_his_loss_to/,FALSE,FALSE,FALSE,,https://redd.it/kxnz3m,politics,t5_2cneq,r/politics,7159149,public,https://b.thumbs.redditmedia.com/-ZcLrTYOCMizFKrbEsINMQBBPJj69Q4myDfYkNhqiEY.jpg,Trump Gets A Painful Reminder Of His Loss To Biden Right Outside His Window,https://www.huffpost.com/entry/biden-harris-white-house-inauguration-signs-trump_n_600101ddc5b6efae62f72ae7
t5_2cneq_alicen_chains_t3_kxnxcp,2021-01-15T05:28:13Z,alicen_chains,t2_4uujtoat,TRUE,FALSE,TRUE,FALSE,FALSE,2048,1610717293,0,FALSE,t3_kxnxcp,0,FALSE,TRUE,kxnxcp,TRUE,FALSE,FALSE,FALSE,TRUE,FALSE,FALSE,FALSE,FALSE,t3_kxnxcp,FALSE,FALSE,/r/politics/comments/kxnxcp/trump_gets_a_painful_reminder_of_his_loss_to/,FALSE,FALSE,FALSE,,https://redd.it/kxnxcp,politics,t5_2cneq,r/politics,7159149,public,https://b.thumbs.redditmedia.com/nWRWRUgfg_H_AeIFABi0xvMF_N_uDyYELF23GnOjN3I.jpg,Trump Gets A Painful Reminder Of His Loss To Biden Right Outside His Window | Call it a sign of things to come.,https://m.huffpost.com/us/entry/us_600101ddc5b6efae62f72ae7
t5_2cneq_moviesetmonkey_t3_kxnx3l,2021-01-15T05:27:43Z,moviesetmonkey,t2_zdqni,FALSE,FALSE,TRUE,FALSE,FALSE,2048,1610717263,0,FALSE,t3_kxnx3l,0,FALSE,TRUE,kxnx3l,TRUE,FALSE,FALSE,FALSE,TRUE,FALSE,FALSE,FALSE,FALSE,t3_kxnx3l,FALSE,FALSE,/r/politics/comments/kxnx3l/alpharetta_man_arrested_in_capitol_riots_found/,FALSE,FALSE,FALSE,,https://redd.it/kxnx3l,politics,t5_2cneq,r/politics,7159149,public,https://b.thumbs.redditmedia.com/sOpLMV2xLVLrWXvTz3gBNNdIgr61sH62qtzxqyoB7gg.jpg,Alpharetta man arrested in Capitol riots found dead in home,https://www.fox5atlanta.com/news/alpharetta-man-arrested-in-capitol-riots-found-dead-in-home
t5_2cneq_lightinggod_t3_kxnw7a,2021-01-15T05:26:06Z,lightinggod,t2_4a72j,FALSE,FALSE,TRUE,FALSE,FALSE,2048,1610717166,0,FALSE,t3_kxnw7a,0,FALSE,TRUE,kxnw7a,TRUE,FALSE,FALSE,FALSE,TRUE,FALSE,FALSE,FALSE,FALSE,t3_kxnw7a,FALSE,FALSE,/r/politics/comments/kxnw7a/trumps_postpresidential_impeachment_punishment/,FALSE,FALSE,FALSE,,https://redd.it/kxnw7a,politics,t5_2cneq,r/politics,7159149,public,https://b.thumbs.redditmedia.com/DVM8ZdJ2JUm22oph_F_8MMQsp79EqKOycV9w5sIX5pQ.jpg,Trump's post-presidential impeachment punishment may end up before the Supreme Court.,https://www.usatoday.com/story/opinion/2021/01/14/trump-impeachment-trial-constitutional-mess-column/4157285001/
t5_2cneq_peacewc_t3_kxo59t,2021-01-15T05:42:50Z,peacewc,t2_6on5l4m8,FALSE,FALSE,TRUE,FALSE,FALSE,2048,1610718170,0,FALSE,t3_kxo59t,0,FALSE,TRUE,kxo59t,TRUE,FALSE,FALSE,FALSE,TRUE,FALSE,FALSE,FALSE,FALSE,t3_kxo59t,FALSE,FALSE,/r/politics/comments/kxo59t/biden_taps_lisa_monaco_as_homeland_security/,FALSE,FALSE,FALSE,,https://redd.it/kxo59t,politics,t5_2cneq,r/politics,7159148,public,https://b.thumbs.redditmedia.com/RPxWWMRJi0m9-TV66DVoP25rC8e_agvdIVZlMQMbgww.jpg,Biden taps Lisa Monaco as homeland security adviser to inauguration amid rising threats,https://www.cnn.com/2021/01/14/politics/joe-biden-lisa-monaco-inauguration/index.html
t5_2cneq_yaboodooect_t3_kxo3i7,2021-01-15T05:39:37Z,yaboodooect,t2_4de6hm5l,FALSE,FALSE,TRUE,FALSE,FALSE,2048,1610717977,0,FALSE,t3_kxo3i7,0,FALSE,TRUE,kxo3i7,TRUE,FALSE,FALSE,FALSE,TRUE,FALSE,FALSE,FALSE,FALSE,t3_kxo3i7,FALSE,FALSE,/r/politics/comments/kxo3i7/biden_plans_halfmillion_dollar_scrubdown_of_white/,FALSE,FALSE,FALSE,,https://redd.it/kxo3i7,politics,t5_2cneq,r/politics,7159148,public,https://b.thumbs.redditmedia.com/1iy-npd0P2cBxlPKPNMprRBKAryQQxWOqsOo-3A3qeA.jpg,Biden plans half-million dollar scrub-down of White House before moving in,https://nationalpost.com/news/biden-plans-half-million-dollar-scrub-down-of-white-house-before-moving-in
t5_2cneq_Ganrokh_t3_kxo3fu,2021-01-15T05:39:28Z,Ganrokh,t2_774oh,TRUE,FALSE,TRUE,FALSE,FALSE,2048,1610717968,0,FALSE,t3_kxo3fu,0,FALSE,TRUE,kxo3fu,TRUE,FALSE,FALSE,FALSE,TRUE,FALSE,FALSE,FALSE,FALSE,t3_kxo3fu,FALSE,FALSE,/r/politics/comments/kxo3fu/report_some_democrats_in_congress_are_worried/,FALSE,FALSE,FALSE,,https://redd.it/kxo3fu,politics,t5_2cneq,r/politics,7159148,public,https://a.thumbs.redditmedia.com/YEdAUaf_g-zWo46AHM83fYokshM_-MVHNrWmAsB7_J8.jpg,Report: Some Democrats in Congress are worried their colleagues might kill them,https://www.msnbc.com/all-in/watch/report-some-democrats-in-congress-are-worried-their-colleagues-might-kill-them-99497029849
t5_2cneq_hammadurb_t3_kxo2wy,2021-01-15T05:38:32Z,hammadurb,t2_8hf19,TRUE,FALSE,TRUE,FALSE,FALSE,2048,1610717912,0,FALSE,t3_kxo2wy,0,FALSE,TRUE,kxo2wy,TRUE,FALSE,FALSE,FALSE,TRUE,FALSE,FALSE,FALSE,FALSE,t3_kxo2wy,FALSE,FALSE,/r/politics/comments/kxo2wy/trump_silent_as_fbi_details_threats_to_biden/,FALSE,FALSE,FALSE,,https://redd.it/kxo2wy,politics,t5_2cneq,r/politics,7159148,public,https://b.thumbs.redditmedia.com/l_oU9v-WdFe1F4E6vAulwSd_7MWGepCCxdimk3NBY4w.jpg,Trump silent as FBI details threats to Biden inauguration,https://news.yahoo.com/trump-silent-fbi-details-threats-044137767.html
t5_2cneq_catapult12_t3_kxo0l5,2021-01-15T05:34:19Z,catapult12,t2_62f6lwcd,FALSE,FALSE,TRUE,FALSE,FALSE,2048,1610717659,0,FALSE,t3_kxo0l5,0,FALSE,TRUE,kxo0l5,TRUE,FALSE,FALSE,FALSE,TRUE,FALSE,FALSE,FALSE,FALSE,t3_kxo0l5,FALSE,FALSE,/r/politics/comments/kxo0l5/from_1982_to_present_the_conservative_heritage/,FALSE,FALSE,FALSE,,https://redd.it/kxo0l5,politics,t5_2cneq,r/politics,7159148,public,https://b.thumbs.redditmedia.com/Lj10-2Vgvo7BOKBVbwGJvFMRy-3m78kDwrJPD6UNT8g.jpg,"From 1982 to present, the conservative Heritage Foundation reports 1,308 cases of proven voter fraud for the entire US, a cumulative total that doesn’t even come close to the 11k votes Trump wanted to “find” in GA alone. The Brookings Institute used this information to prove how rare fraud is.",https://www.brookings.edu/blog/fixgov/2020/06/02/low-rates-of-fraud-in-vote-by-mail-states-show-the-benefits-outweigh-the-risks/
t5_2cneq_trashgrabbinbandit_t3_kxo014,2021-01-15T05:33:14Z,trashgrabbinbandit,t2_9jy0b,FALSE,FALSE,TRUE,FALSE,FALSE,2048,1610717594,0,FALSE,t3_kxo014,0,FALSE,TRUE,kxo014,TRUE,FALSE,FALSE,FALSE,TRUE,FALSE,FALSE,FALSE,FALSE,t3_kxo014,FALSE,FALSE,/r/politics/comments/kxo014/feds_edge_closer_to_sedition_charge_in_capitol/,FALSE,FALSE,FALSE,,https://redd.it/kxo014,politics,t5_2cneq,r/politics,7159148,public,https://b.thumbs.redditmedia.com/icPibg3ssw9O0VxkLdHLwCpb7POT7uMAqhd8bTwBLSc.jpg,Feds edge closer to sedition charge in Capitol riot aftermath,https://www.politico.com/news/2021/01/15/feds-edge-closer-to-sedition-charge-459573
t5_2cneq_FriesWithThat_t3_kxnz3m,2021-01-15T05:31:28Z,FriesWithThat,t2_3s0vy,TRUE,FALSE,TRUE,FALSE,FALSE,2048,1610717488,0,FALSE,t3_kxnz3m,0,FALSE,TRUE,kxnz3m,TRUE,FALSE,FALSE,FALSE,TRUE,FALSE,FALSE,FALSE,FALSE,t3_kxnz3m,FALSE,FALSE,/r/politics/comments/kxnz3m/trump_gets_a_painful_reminder_of_his_loss_to/,FALSE,FALSE,FALSE,,https://redd.it/kxnz3m,politics,t5_2cneq,r/politics,7159148,public,https://b.thumbs.redditmedia.com/-ZcLrTYOCMizFKrbEsINMQBBPJj69Q4myDfYkNhqiEY.jpg,Trump Gets A Painful Reminder Of His Loss To Biden Right Outside His Window,https://www.huffpost.com/entry/biden-harris-white-house-inauguration-signs-trump_n_600101ddc5b6efae62f72ae7
t5_2cneq_alicen_chains_t3_kxnxcp,2021-01-15T05:28:13Z,alicen_chains,t2_4uujtoat,TRUE,FALSE,TRUE,FALSE,FALSE,2048,1610717293,0,FALSE,t3_kxnxcp,0,FALSE,TRUE,kxnxcp,TRUE,FALSE,FALSE,FALSE,TRUE,FALSE,FALSE,FALSE,FALSE,t3_kxnxcp,FALSE,FALSE,/r/politics/comments/kxnxcp/trump_gets_a_painful_reminder_of_his_loss_to/,FALSE,FALSE,FALSE,,https://redd.it/kxnxcp,politics,t5_2cneq,r/politics,7159148,public,https://b.thumbs.redditmedia.com/nWRWRUgfg_H_AeIFABi0xvMF_N_uDyYELF23GnOjN3I.jpg,Trump Gets A Painful Reminder Of His Loss To Biden Right Outside His Window | Call it a sign of things to come.,https://m.huffpost.com/us/entry/us_600101ddc5b6efae62f72ae7
t5_2cneq_moviesetmonkey_t3_kxnx3l,2021-01-15T05:27:43Z,moviesetmonkey,t2_zdqni,FALSE,FALSE,TRUE,FALSE,FALSE,2048,1610717263,0,FALSE,t3_kxnx3l,0,FALSE,TRUE,kxnx3l,TRUE,FALSE,FALSE,FALSE,TRUE,FALSE,FALSE,FALSE,FALSE,t3_kxnx3l,FALSE,FALSE,/r/politics/comments/kxnx3l/alpharetta_man_arrested_in_capitol_riots_found/,FALSE,FALSE,FALSE,,https://redd.it/kxnx3l,politics,t5_2cneq,r/politics,7159148,public,https://b.thumbs.redditmedia.com/sOpLMV2xLVLrWXvTz3gBNNdIgr61sH62qtzxqyoB7gg.jpg,Alpharetta man arrested in Capitol riots found dead in home,https://www.fox5atlanta.com/news/alpharetta-man-arrested-in-capitol-riots-found-dead-in-home
t5_2cneq_lightinggod_t3_kxnw7a,2021-01-15T05:26:06Z,lightinggod,t2_4a72j,FALSE,FALSE,TRUE,FALSE,FALSE,2048,1610717166,0,FALSE,t3_kxnw7a,0,FALSE,TRUE,kxnw7a,TRUE,FALSE,FALSE,FALSE,TRUE,FALSE,FALSE,FALSE,FALSE,t3_kxnw7a,FALSE,FALSE,/r/politics/comments/kxnw7a/trumps_postpresidential_impeachment_punishment/,FALSE,FALSE,FALSE,,https://redd.it/kxnw7a,politics,t5_2cneq,r/politics,7159148,public,https://b.thumbs.redditmedia.com/DVM8ZdJ2JUm22oph_F_8MMQsp79EqKOycV9w5sIX5pQ.jpg,Trump's post-presidential impeachment punishment may end up before the Supreme Court.,https://www.usatoday.com/story/opinion/2021/01/14/trump-impeachment-trial-constitutional-mess-column/4157285001/
